credit_score,dti,num_defaults,annual_income,employment_years,age,loan_amount,label
626,0.434,1,15000,1.5,63,11364,denied
647,0.352,0,114683,8.7,21,1000,approved
697,0.528,0,35084,23.6,60,46226,denied
624,0.702,1,118607,1.7,51,13305,denied
768,0.404,0,94365,6.1,67,11136,denied
706,0.256,0,100955,3.2,72,1000,approved
667,0.241,0,48550,0.8,38,12143,approved
735,0.167,2,52127,4.6,28,26761,denied
581,0.313,0,49068,0.2,18,23319,denied
690,0.364,0,36650,15.8,44,21082,approved
697,0.419,0,49269,14.6,50,12221,denied
707,0.343,0,119877,8.2,70,10586,approved
665,0.197,0,85092,1.0,71,6417,approved
516,0.149,0,19387,3.5,74,1000,denied
682,0.186,1,25030,16.9,64,13945,denied
699,0.285,0,63378,7.9,45,12707,approved
627,0.145,0,101934,10.4,27,12698,denied
802,0.273,2,73006,24.6,20,32396,denied
704,0.338,0,15000,9.4,18,21591,approved
608,0.567,0,76813,1.1,59,14653,denied
612,0.353,0,130677,3.1,38,24318,denied
712,0.266,1,29014,3.8,47,30081,denied
705,0.574,0,90508,19.8,62,24435,denied
850,0.276,0,80113,0.5,53,34382,approved
560,0.243,0,90702,3.0,20,6226,denied
621,0.303,0,50543,2.5,55,3582,denied
625,0.2,0,73061,4.0,61,1462,denied
653,0.538,0,71052,0.8,75,18699,denied
695,0.323,0,69737,0.7,70,27486,approved
624,0.356,1,61788,8.8,60,1000,denied
708,0.165,0,22820,2.3,35,34930,approved
579,0.324,0,92435,11.6,48,14675,denied
735,0.175,0,69920,0.4,56,33670,approved
604,0.308,0,68518,0.4,52,17697,denied
766,0.304,0,88470,5.5,72,2160,approved
602,0.236,0,46658,10.2,41,9793,denied
600,0.382,0,16037,4.3,45,23566,denied
659,0.214,0,63916,0.9,75,20467,approved
566,0.308,0,77924,7.5,37,20162,denied
767,0.497,0,112742,13.9,68,27825,denied
753,0.227,0,66924,1.7,42,2635,approved
586,0.0,0,117985,4.7,70,7159,denied
725,0.045,0,138651,3.4,40,7534,approved
596,0.353,0,86136,7.1,67,2362,denied
676,0.606,1,97433,12.0,49,21688,denied
619,0.53,0,57075,26.6,70,17076,denied
743,0.636,0,40423,3.2,49,1000,denied
653,0.135,1,55934,7.5,45,32186,denied
767,0.298,0,38518,6.9,52,7131,approved
673,0.469,0,15000,2.8,60,17216,denied
822,0.305,1,108273,20.0,62,15061,denied
850,0.428,0,85594,4.1,38,14445,denied
536,0.405,0,87877,1.6,57,6678,denied
687,0.288,1,46478,9.1,26,18697,denied
823,0.189,0,100906,0.2,27,16423,approved
788,0.246,0,79998,15.1,43,19887,approved
681,0.559,3,119691,20.1,62,17740,denied
711,0.554,0,93090,25.9,66,4912,denied
600,0.394,0,89801,2.8,57,8838,denied
734,0.394,0,18626,0.3,69,23765,approved
799,0.264,2,46973,4.8,69,25354,denied
754,0.324,0,109198,0.3,56,10891,approved
697,0.269,0,24408,5.5,35,11924,approved
850,0.314,0,23665,9.1,30,29961,approved
762,0.335,0,57243,2.8,33,12402,approved
689,0.093,0,97210,1.6,64,19597,approved
726,0.244,0,84762,1.3,59,41286,approved
757,0.362,0,106055,7.4,60,13951,approved
678,0.38,0,90443,13.9,49,22646,approved
696,0.346,0,86126,0.8,71,23541,approved
771,0.343,0,85228,7.9,52,27528,approved
772,0.172,0,34570,4.2,23,11655,approved
756,0.383,0,41667,16.8,48,6722,approved
611,0.421,0,75481,7.5,30,18395,denied
714,0.503,0,109356,9.7,25,1000,denied
717,0.305,0,116280,14.7,23,29450,approved
753,0.755,0,66681,2.9,29,11589,denied
596,0.247,0,97864,1.0,27,20784,denied
822,0.223,0,89077,9.9,43,14609,approved
816,0.483,0,25115,2.1,30,19292,denied
699,0.366,0,58016,0.5,59,22787,approved
678,0.29,0,36052,3.3,58,13013,approved
774,0.276,0,54672,13.8,42,14377,approved
769,0.212,0,79138,17.1,64,7620,approved
650,0.29,2,104979,1.7,27,19915,denied
813,0.107,0,87201,8.8,30,25475,approved
682,0.392,0,80097,0.8,20,25998,approved
669,0.256,0,72114,1.0,31,23066,approved
709,0.318,0,90074,0.5,66,1000,approved
659,0.096,0,142596,12.6,50,26150,approved
800,0.275,0,92209,1.9,29,23226,approved
709,0.275,1,92249,1.6,65,12556,denied
844,0.245,0,38178,7.8,58,29124,approved
833,0.367,0,52004,0.0,48,16835,approved
691,0.307,0,94783,33.0,25,17287,approved
776,0.377,0,100521,11.6,61,24554,approved
817,0.123,0,65708,4.1,57,1000,approved
679,0.121,0,124439,10.8,60,23542,approved
703,0.252,2,132309,5.5,33,7625,denied
692,0.0,0,68474,6.5,55,31553,approved
552,0.502,2,98946,0.4,69,33767,denied
574,0.2,2,42835,14.3,38,33590,denied
554,0.331,0,89161,3.3,26,9872,denied
565,0.237,0,92657,1.1,32,22757,denied
680,0.289,0,33559,19.5,30,3794,approved
723,0.498,0,37757,0.8,25,22148,denied
782,0.232,0,65030,10.5,29,17394,approved
582,0.498,0,51258,0.3,46,24867,denied
722,0.256,0,97201,0.2,52,28184,approved
743,0.16,0,68709,0.2,20,17491,approved
850,0.385,0,105725,14.6,25,1000,approved
630,0.128,0,50366,5.1,66,22430,denied
755,0.469,0,103695,1.2,42,30890,denied
627,0.186,1,52260,3.0,32,31258,denied
797,0.161,0,93817,0.2,41,1000,approved
639,0.461,0,104987,0.7,52,1000,denied
662,0.304,0,118756,17.7,47,36457,approved
584,0.341,0,71208,1.9,28,14091,denied
699,0.306,0,80906,2.9,33,13684,approved
816,0.25,0,24608,3.4,31,22650,approved
557,0.333,3,71221,3.3,38,11889,denied
760,0.073,3,89791,3.7,31,6839,denied
470,0.332,0,94742,4.0,66,31942,denied
777,0.365,0,87894,0.6,47,9339,approved
576,0.378,2,107913,7.8,58,1000,denied
528,0.688,1,89550,4.8,43,15155,denied
711,0.242,0,41719,11.1,71,13627,approved
652,0.423,0,96690,1.4,29,5215,denied
762,0.348,0,100061,1.3,30,16951,approved
559,0.305,0,118320,0.6,44,2602,denied
647,0.425,0,77301,2.5,45,26737,denied
596,0.397,1,15000,2.0,59,18350,denied
702,0.292,0,53765,3.6,21,1000,approved
737,0.0,0,37657,7.3,46,13502,approved
744,0.202,0,89209,16.9,69,28186,approved
681,0.367,0,44551,6.4,60,16873,approved
759,0.251,0,78865,0.8,20,25258,approved
669,0.324,0,70968,2.6,18,20605,approved
611,0.284,0,95992,2.1,74,1329,denied
718,0.194,0,15000,10.8,61,2423,approved
760,0.318,2,77710,2.6,65,10781,denied
625,0.419,1,88870,23.6,35,24663,denied
660,0.496,0,15000,2.0,28,5385,denied
686,0.249,0,47529,6.4,22,26675,approved
815,0.369,0,104795,2.3,39,36176,approved
711,0.234,0,119086,2.3,60,44024,approved
672,0.157,0,107591,8.7,51,28413,approved
658,0.244,0,59388,1.8,64,21683,approved
557,0.444,0,69659,8.0,68,17747,denied
553,0.624,0,77818,4.3,34,4127,denied
750,0.248,0,77730,7.8,61,22671,approved
636,0.436,0,95974,3.3,32,25064,denied
464,0.536,2,45427,12.6,64,9869,denied
702,0.606,0,46476,22.2,59,23369,denied
663,0.179,0,47767,20.5,25,1000,approved
696,0.193,0,117714,10.2,57,25757,approved
714,0.284,0,96570,10.2,25,5274,approved
777,0.337,0,62165,24.7,26,9596,approved
774,0.148,3,75612,0.2,29,1000,denied
680,0.202,0,51495,1.8,46,1000,approved
677,0.097,0,55185,8.8,44,33250,approved
591,0.432,1,28550,3.6,60,12137,denied
739,0.347,0,44758,3.9,27,19703,approved
716,0.416,0,48708,8.2,19,23717,denied
710,0.104,0,70264,6.4,46,27018,approved
624,0.307,0,104455,16.7,43,1000,denied
590,0.319,0,97832,6.4,68,10524,denied
617,0.488,0,50178,15.6,58,14453,denied
709,0.43,1,62023,10.8,50,41058,denied
659,0.341,1,99108,14.4,29,9909,denied
681,0.189,1,59559,0.0,55,3667,denied
704,0.381,0,82131,12.1,57,20103,approved
669,0.068,0,107205,0.5,68,21949,approved
644,0.26,1,61320,2.5,51,33451,denied
609,0.253,2,51276,17.8,51,17361,denied
787,0.255,0,48314,12.6,21,16677,approved
572,0.211,0,50605,11.2,64,8228,denied
731,0.229,0,73156,10.2,28,20094,approved
723,0.4,2,53513,0.7,55,23004,denied
756,0.409,0,130389,4.7,53,29237,denied
737,0.323,0,24001,2.1,75,23601,approved
509,0.556,0,39720,21.7,66,30234,denied
708,0.34,0,28168,14.8,50,30024,approved
648,0.273,0,99700,5.6,23,32874,approved
622,0.449,1,63602,8.9,61,32466,denied
678,0.301,0,48186,6.6,25,27672,approved
653,0.256,0,102137,17.7,26,20831,approved
678,0.276,0,108675,0.8,68,19054,approved
791,0.583,0,58227,1.5,64,4272,denied
681,0.196,0,33642,3.1,40,22820,approved
638,0.203,2,53777,6.6,22,26092,denied
695,0.365,0,79765,6.4,37,32528,approved
705,0.381,0,61297,1.4,22,35275,approved
611,0.104,0,97739,5.8,46,27261,denied
709,0.0,0,112422,2.1,28,14870,approved
630,0.123,0,48024,0.3,26,29871,denied
743,0.373,0,54707,11.2,67,14649,approved
766,0.303,0,72282,1.4,47,1000,approved
737,0.245,0,111051,7.6,33,16912,approved
839,0.276,0,132965,6.0,28,44034,approved
677,0.174,1,33915,2.7,28,30710,denied
662,0.434,0,68595,0.4,60,1000,denied
711,0.119,0,94470,1.3,22,32996,approved
667,0.074,0,65311,6.0,65,25509,approved
664,0.0,0,29401,9.5,72,19834,approved
596,0.257,0,23088,0.6,60,9979,denied
634,0.505,2,48976,9.3,38,33675,denied
716,0.47,2,78810,8.5,19,27990,denied
620,0.122,0,85099,6.5,48,20962,denied
729,0.174,1,80515,2.5,58,19684,denied
643,0.252,0,71792,0.1,74,35044,approved
757,0.254,0,113279,0.2,21,17431,approved
738,0.403,2,19478,4.3,31,3372,denied
539,0.548,0,93320,39.0,22,22922,denied
761,0.0,1,94425,1.4,75,22865,denied
850,0.255,2,87136,4.2,46,24542,denied
703,0.11,0,54391,15.4,37,1000,approved
718,0.41,0,89864,5.9,38,8618,denied
666,0.408,0,87188,1.8,74,11054,denied
702,0.253,0,41001,18.7,28,9295,approved
563,0.323,0,99867,6.4,57,13614,denied
596,0.341,0,85540,6.7,40,30948,denied
751,0.338,0,96435,3.2,51,12483,approved
680,0.521,1,90630,7.0,49,15432,denied
597,0.353,0,75780,2.9,30,30685,denied
693,0.355,0,101752,4.6,19,8102,approved
633,0.173,0,79228,24.5,20,1632,denied
766,0.177,0,91244,4.8,43,1000,approved
740,0.352,0,53201,0.8,19,11747,approved
738,0.378,0,106180,0.5,42,1000,approved
676,0.347,0,84621,5.5,26,36366,approved
674,0.268,0,126633,4.5,39,18293,approved
649,0.25,0,19868,0.7,24,6557,approved
670,0.219,0,29074,0.8,44,22874,approved
770,0.143,0,53689,4.3,20,33749,approved
719,0.191,0,63140,27.6,36,38348,approved
612,0.634,0,51192,4.3,38,37463,denied
689,0.176,0,96567,2.8,38,30663,approved
635,0.14,0,114952,1.0,74,26452,denied
657,0.287,0,90576,2.2,37,11184,approved
608,0.564,0,91065,5.6,59,16128,denied
663,0.371,0,109195,10.2,26,12365,approved
560,0.212,0,78477,2.8,45,4565,denied
608,0.45,0,87684,10.4,44,2000,denied
642,0.391,0,73956,13.8,53,16292,approved
650,0.299,0,114406,0.6,61,6972,approved
706,0.344,0,94858,13.3,66,31246,approved
706,0.028,0,48595,6.6,41,21356,approved
783,0.182,0,117481,14.0,22,16255,approved
722,0.273,2,99133,8.2,29,11790,denied
730,0.0,1,81740,0.1,33,14641,denied
748,0.241,0,59059,1.9,45,12040,approved
781,0.421,0,61782,13.3,61,1000,denied
790,0.347,0,85468,3.7,72,44053,approved
647,0.281,0,86696,0.7,54,31177,approved
710,0.4,0,87950,1.5,20,10620,denied
706,0.353,0,80560,7.8,40,34705,approved
757,0.303,0,111718,1.8,36,39997,approved
661,0.549,1,89205,17.0,58,2369,denied
639,0.17,2,60976,12.1,46,10717,denied
644,0.291,0,77729,12.1,22,10062,approved
517,0.349,0,90611,5.3,74,27183,denied
766,0.333,0,83865,0.0,69,1000,approved
698,0.298,0,98357,7.2,70,1000,approved
570,0.312,0,54909,0.3,68,48774,denied
618,0.319,1,86139,2.1,19,22268,denied
635,0.201,0,74342,1.3,35,18750,denied
730,0.654,0,58543,4.4,42,1000,denied
680,0.552,0,48102,6.8,24,39275,denied
627,0.487,0,77219,7.3,61,6093,denied
595,0.307,0,46338,3.2,64,23568,denied
546,0.37,0,53559,1.7,62,28678,denied
635,0.672,0,15000,1.8,58,1000,denied
675,0.264,0,108287,9.5,44,43458,approved
651,0.567,0,85566,7.1,65,29153,denied
703,0.35,2,42016,4.3,70,16357,denied
608,0.48,0,78122,17.2,67,49188,denied
784,0.282,0,115242,22.0,44,30880,approved
615,0.284,0,76442,21.6,75,9266,denied
643,0.26,0,86516,1.0,61,4707,approved
703,0.189,0,67725,5.1,31,12558,approved
600,0.249,0,53480,1.3,33,8524,denied
664,0.311,0,96323,1.1,24,15909,approved
666,0.349,0,83846,5.4,62,25092,approved
625,0.297,0,100970,2.8,73,29064,denied
670,0.146,0,143379,2.1,64,22110,approved
628,0.226,0,55817,3.1,74,33306,denied
606,0.172,0,90658,3.0,50,18471,denied
771,0.251,0,89862,4.3,75,34370,approved
633,0.484,0,39998,3.5,69,11583,denied
795,0.263,0,60648,2.8,60,17446,approved
781,0.382,0,95445,0.0,59,28717,approved
733,0.188,2,15000,10.0,57,34166,denied
747,0.465,0,47783,2.6,43,4646,denied
627,0.365,0,127750,0.4,52,18767,denied
756,0.551,1,81484,32.2,57,33399,denied
650,0.116,0,65073,24.4,20,1000,approved
614,0.271,3,62379,0.6,46,5487,denied
729,0.602,0,19431,0.3,58,32237,denied
544,0.333,0,77704,8.7,44,12309,denied
768,0.587,2,40900,1.9,72,34554,denied
714,0.257,0,45047,2.5,24,18775,approved
815,0.31,0,85277,7.6,27,21367,approved
718,0.485,0,43351,3.2,46,15754,denied
607,0.321,2,118876,5.8,41,30921,denied
503,0.402,0,113198,3.0,19,10370,denied
608,0.301,0,50727,14.6,63,36419,denied
684,0.32,0,69682,4.1,43,37896,approved
665,0.339,2,93757,2.9,55,13981,denied
754,0.36,0,27818,2.5,32,11977,approved
801,0.242,0,110527,0.5,46,8908,approved
700,0.268,0,43608,22.9,19,1000,approved
655,0.0,0,56979,20.7,51,15191,approved
648,0.75,0,57369,7.8,52,28271,denied
658,0.263,0,83590,0.8,52,5091,approved
596,0.069,1,58712,3.9,37,31380,denied
657,0.323,0,59074,2.5,46,5197,approved
666,0.434,0,28686,1.6,58,16217,denied
778,0.146,0,75682,10.7,66,35150,approved
569,0.323,0,56951,3.5,33,10219,denied
761,0.413,3,59038,1.3,32,13540,denied
752,0.203,0,119331,1.2,49,12576,approved
731,0.386,1,66869,4.3,23,6291,denied
658,0.174,0,53155,12.4,24,9248,approved
713,0.326,2,91538,3.8,29,5098,denied
699,0.349,0,40177,9.4,30,13736,approved
795,0.164,0,105697,3.3,23,18664,approved
842,0.239,0,68299,2.6,57,33941,approved
666,0.173,0,54641,1.2,50,18810,approved
541,0.157,1,76058,2.1,58,15540,denied
725,0.342,0,82857,0.1,48,23300,approved
737,0.501,0,78493,4.0,61,8282,denied
639,0.412,0,76401,5.1,35,4070,denied
824,0.482,0,87656,2.3,24,38670,denied
746,0.432,0,43100,3.3,50,19058,denied
660,0.361,0,80204,4.5,19,33366,approved
650,0.335,0,99193,6.4,60,23107,approved
698,0.353,0,81995,19.0,30,5308,approved
762,0.204,0,33541,6.3,61,15653,approved
672,0.168,0,31731,6.4,53,10337,approved
620,0.461,2,66772,10.6,49,41483,denied
568,0.551,0,28687,0.1,20,33606,denied
650,0.381,1,67778,0.6,24,8672,denied
684,0.232,0,53282,1.4,33,24878,approved
803,0.128,0,154133,4.4,71,11009,approved
735,0.27,0,107739,3.7,31,11225,approved
721,0.326,0,87427,9.1,48,11323,approved
551,0.285,0,83351,0.4,67,11819,denied
719,0.058,0,74862,1.0,23,16299,approved
828,0.364,0,81968,4.2,18,1000,approved
644,0.405,0,54891,3.0,52,31125,denied
621,0.376,0,40402,1.6,45,1000,denied
734,0.428,0,60278,16.6,38,22551,denied
788,0.356,0,24255,11.0,66,8813,approved
667,0.312,2,81605,2.5,66,1000,denied
643,0.439,0,77875,7.9,29,19411,denied
582,0.476,0,154287,4.5,43,14268,denied
607,0.344,0,63818,2.1,37,18096,denied
618,0.293,0,23768,8.2,46,28944,denied
658,0.343,2,32984,3.7,23,26277,denied
711,0.254,0,65139,7.3,29,1000,approved
726,0.159,0,38191,4.5,34,22201,approved
597,0.281,0,58396,3.1,48,16722,denied
673,0.118,0,36013,40.0,19,11421,approved
738,0.202,0,78656,6.2,21,5363,approved
634,0.471,1,67987,5.6,60,34545,denied
654,0.243,0,72528,3.4,19,11495,approved
638,0.185,0,75464,11.8,51,10981,denied
723,0.393,0,78121,27.1,49,48462,approved
738,0.146,2,78188,9.7,40,24862,denied
642,0.366,0,106827,0.8,21,24935,approved
611,0.435,1,110203,12.6,54,22358,denied
705,0.268,0,46293,3.2,45,21574,approved
677,0.339,0,44750,5.7,21,1394,approved
666,0.052,3,88771,2.0,39,23954,denied
850,0.209,0,120649,9.9,54,15811,approved
611,0.235,2,49209,2.5,23,23552,denied
656,0.317,1,71356,2.4,49,22992,denied
570,0.479,0,81760,0.1,25,23659,denied
795,0.299,0,89748,1.8,48,24476,approved
752,0.242,0,31811,28.7,71,28782,approved
753,0.296,1,67821,9.3,24,27922,denied
832,0.704,1,76849,0.4,29,19795,denied
755,0.13,0,23215,12.5,44,15545,approved
767,0.407,0,79406,0.3,22,33607,denied
556,0.8,1,110205,26.0,56,8215,denied
669,0.495,0,83314,0.1,29,24674,denied
639,0.347,0,99662,3.6,56,9749,denied
688,0.509,0,35565,4.5,34,18745,denied
660,0.274,3,50456,9.2,47,20612,denied
659,0.36,0,61989,8.4,49,17824,approved
757,0.385,0,73097,5.4,74,5474,approved
615,0.063,0,33762,16.7,33,20964,denied
730,0.489,0,100993,8.4,67,23926,denied
789,0.037,0,89907,15.9,32,6737,approved
673,0.31,1,49709,2.5,39,1000,denied
648,0.281,0,61459,8.2,75,46941,approved
747,0.118,0,46403,2.4,30,19718,approved
589,0.547,0,83519,2.0,19,30545,denied
760,0.258,0,65898,0.7,33,4576,approved
777,0.157,0,135025,0.7,57,15538,approved
730,0.408,0,101889,4.2,55,43812,denied
758,0.317,0,78997,6.7,33,10907,approved
581,0.365,0,112474,1.4,69,27571,denied
778,0.078,0,60574,13.0,63,20324,approved
727,0.239,0,59548,11.9,36,4210,approved
656,0.365,0,93724,1.6,57,26019,approved
662,0.196,0,82690,6.6,55,20134,approved
677,0.11,1,86776,0.5,72,7695,denied
687,0.166,0,75541,0.6,41,25965,approved
821,0.188,0,61511,18.2,65,14211,approved
653,0.145,0,84121,0.4,54,19260,approved
678,0.59,0,15000,2.5,62,38495,denied
719,0.264,0,59523,2.2,69,16976,approved
660,0.055,0,83169,14.7,23,13527,approved
705,0.052,0,84448,40.0,67,16503,approved
641,0.244,0,55473,25.9,27,11181,approved
687,0.566,0,51193,8.8,64,5313,denied
766,0.34,0,81726,12.1,62,14766,approved
653,0.353,0,53326,2.6,49,13027,approved
600,0.607,0,21111,2.2,75,16961,denied
689,0.658,0,70103,12.0,68,9867,denied
788,0.183,1,73460,10.4,27,16534,denied
836,0.327,0,143730,1.1,19,38178,approved
768,0.204,0,115480,8.0,63,1143,approved
648,0.392,0,82528,13.6,19,1130,approved
670,0.209,0,68019,5.4,28,18503,approved
676,0.319,0,15000,4.0,40,15865,approved
721,0.263,0,51172,8.2,44,24493,approved
601,0.451,0,70495,0.7,59,27689,denied
730,0.335,0,94679,8.2,28,24990,approved
738,0.37,0,78806,2.7,57,16070,approved
670,0.616,0,111483,0.1,41,13747,denied
748,0.496,0,92080,6.5,41,20890,denied
850,0.183,0,108280,2.6,32,15240,approved
741,0.331,1,88727,2.7,48,1000,denied
731,0.295,0,79061,7.7,31,22959,approved
698,0.495,0,22333,3.8,39,26904,denied
732,0.757,0,46063,3.0,74,23267,denied
772,0.363,0,34736,3.2,43,16197,approved
725,0.357,1,134199,3.1,66,20376,denied
736,0.147,1,109106,6.8,56,35848,denied
643,0.22,0,90556,3.9,20,3222,approved
721,0.262,0,83931,2.9,27,16821,approved
677,0.515,0,40730,27.6,42,1000,denied
557,0.555,0,67285,0.7,65,1000,denied
724,0.45,0,82624,2.7,68,27771,denied
710,0.607,2,67127,0.8,67,13682,denied
586,0.345,3,73764,2.6,33,11722,denied
625,0.368,0,67137,12.8,59,16373,denied
671,0.575,0,59199,5.4,51,22169,denied
609,0.479,0,76927,11.8,37,25615,denied
779,0.105,1,99678,0.7,49,13119,denied
668,0.338,0,55347,23.1,58,23332,approved
748,0.329,0,63490,2.9,61,24259,approved
708,0.209,0,85569,0.0,27,33595,approved
675,0.252,0,69540,9.3,74,5537,approved
744,0.332,0,19524,0.7,40,16233,approved
694,0.265,0,70527,7.0,39,13574,approved
613,0.487,0,69093,1.3,69,1000,denied
767,0.206,0,27943,17.3,42,13146,approved
667,0.517,0,33437,4.7,64,18245,denied
743,0.367,0,88122,6.4,63,9163,approved
841,0.09,0,19626,14.0,19,12796,approved
511,0.318,0,77094,8.7,41,29469,denied
576,0.301,0,51435,6.7,57,4009,denied
663,0.423,1,94072,7.5,33,31216,denied
663,0.268,1,80572,0.9,55,25079,denied
740,0.28,0,80908,0.3,47,10928,approved
850,0.446,1,76273,23.2,25,1000,denied
806,0.204,0,95676,0.1,73,34324,approved
804,0.009,0,71043,2.3,35,28835,approved
599,0.59,0,58704,4.7,61,21385,denied
750,0.377,0,63372,15.2,56,28515,approved
707,0.409,0,97669,21.6,64,14160,denied
707,0.432,0,120772,11.3,59,15025,denied
662,0.281,2,93666,1.9,50,1000,denied
713,0.503,0,86938,0.1,72,9498,denied
677,0.037,0,74289,8.9,38,24749,approved
692,0.362,1,58042,19.5,25,18045,denied
701,0.544,0,100735,7.1,47,22399,denied
504,0.531,0,80352,12.4,29,35589,denied
644,0.491,0,75607,5.3,71,17025,denied
770,0.513,1,70017,0.7,56,40610,denied
634,0.335,1,64664,3.7,25,9359,denied
672,0.152,0,76659,6.0,31,30673,approved
679,0.323,0,82862,10.8,66,8318,approved
735,0.026,0,56091,16.4,68,41630,approved
769,0.481,0,19014,6.5,59,36728,denied
613,0.413,0,145948,11.4,22,14119,denied
704,0.546,0,75660,0.3,19,7377,denied
770,0.217,1,107098,10.9,26,1910,denied
741,0.463,0,72215,26.9,45,1000,denied
713,0.304,0,52903,2.3,39,1000,approved
624,0.46,2,58089,3.8,53,18762,denied
725,0.44,0,87648,14.7,29,13716,denied
668,0.565,1,32692,22.5,56,41051,denied
592,0.306,0,50860,2.6,74,20654,denied
650,0.604,0,97949,7.8,64,29834,denied
598,0.369,2,54147,2.3,51,1939,denied
650,0.228,0,82221,19.5,64,1000,approved
747,0.194,0,38497,0.1,71,42884,approved
794,0.747,0,59319,9.2,48,22903,denied
672,0.34,0,115573,3.1,23,13248,approved
660,0.358,0,91498,18.8,40,37493,approved
637,0.454,0,118603,13.3,70,31496,denied
622,0.355,0,81098,3.2,64,1000,denied
739,0.35,0,41549,11.0,66,1000,approved
758,0.396,0,99165,19.5,35,25886,approved
582,0.57,0,67472,1.3,72,32574,denied
626,0.513,0,32717,9.3,60,9284,denied
560,0.248,3,88186,1.3,48,29028,denied
544,0.151,0,75847,3.4,71,20887,denied
626,0.253,3,66454,0.4,65,17217,denied
671,0.306,1,92316,2.8,65,13012,denied
671,0.312,0,110192,3.0,30,26147,approved
629,0.337,0,58293,0.5,36,16832,denied
614,0.487,0,48144,0.0,45,19768,denied
748,0.276,0,102343,9.3,69,8744,approved
646,0.309,0,27559,1.5,57,11390,approved
747,0.199,0,50478,9.3,72,15696,approved
524,0.291,0,91111,9.6,71,1000,denied
640,0.151,0,69862,4.7,74,22687,approved
775,0.376,0,40178,3.7,74,8791,approved
651,0.111,0,17335,5.7,60,22673,approved
766,0.366,0,81738,4.1,52,34447,approved
642,0.374,0,69938,0.4,23,24490,approved
649,0.298,0,61218,3.4,54,11568,approved
670,0.32,0,64291,11.6,35,7873,approved
682,0.036,1,75346,1.6,54,29982,denied
630,0.383,0,70889,12.8,48,11997,denied
662,0.631,0,37010,11.1,18,10408,denied
715,0.568,0,36155,0.2,21,12758,denied
850,0.133,0,123291,1.2,22,24181,approved
709,0.447,1,66081,1.5,71,21598,denied
641,0.181,0,63077,3.8,51,23024,approved
785,0.287,1,37695,3.1,53,24973,denied
710,0.243,1,73990,4.1,70,18823,denied
579,0.517,0,47623,1.3,34,34593,denied
705,0.774,0,67971,1.8,31,36339,denied
662,0.262,1,43054,4.9,39,22593,denied
646,0.485,0,40898,0.3,72,29525,denied
766,0.412,0,83303,32.8,37,37383,denied
696,0.254,3,81674,1.7,73,8741,denied
691,0.478,1,101693,6.4,54,5246,denied
743,0.286,0,37541,12.4,56,45174,approved
667,0.297,0,93856,7.6,32,13093,approved
766,0.167,0,74378,0.6,25,31014,approved
664,0.126,0,20338,8.8,62,22535,approved
737,0.125,0,108257,1.3,36,26331,approved
699,0.158,2,57353,6.0,41,31642,denied
656,0.21,0,36946,6.5,45,10641,approved
749,0.253,1,84423,2.5,60,32568,denied
610,0.355,0,72911,7.3,41,29752,denied
719,0.328,0,38013,1.5,57,3426,approved
728,0.369,0,83734,0.4,50,19326,approved
740,0.036,0,47260,11.4,38,10960,approved
649,0.191,1,122682,6.4,75,23427,denied
635,0.08,0,89855,6.5,56,11815,denied
715,0.336,0,30931,10.6,73,41996,approved
722,0.384,0,23909,2.2,57,9274,approved
659,0.388,0,47420,0.3,71,29704,approved
718,0.46,0,74707,8.3,74,16594,denied
626,0.377,1,63302,6.3,64,22648,denied
850,0.374,1,141183,2.0,60,24881,denied
622,0.555,0,80120,0.4,55,14210,denied
683,0.357,0,69139,7.6,61,25356,approved
719,0.343,0,112052,6.0,34,14860,approved
850,0.26,0,65685,7.9,56,14593,approved
664,0.409,2,52266,0.6,37,6266,denied
695,0.349,0,69395,5.6,45,15512,approved
598,0.38,0,53589,30.4,51,34167,denied
681,0.0,0,108760,2.9,42,17575,approved
850,0.419,1,43477,4.9,66,31964,denied
641,0.338,0,39719,6.3,19,18197,approved
702,0.275,0,47220,3.8,50,13105,approved
594,0.403,0,54936,0.1,19,25045,denied
717,0.352,0,57313,2.1,45,23405,approved
627,0.468,0,115957,8.1,56,34838,denied
687,0.288,0,35126,25.4,23,7141,approved
742,0.275,0,67819,3.7,72,8301,approved
737,0.44,0,44710,6.7,51,11959,denied
634,0.116,2,55638,2.1,48,25929,denied
639,0.12,1,55296,22.6,19,15734,denied
587,0.206,0,30035,1.5,20,18953,denied
678,0.328,0,72456,13.8,49,20687,approved
677,0.172,0,71233,6.6,40,18054,approved
596,0.479,0,47124,6.7,62,33791,denied
663,0.329,0,89043,27.2,69,24316,approved
661,0.208,0,82805,31.3,43,19745,approved
742,0.397,0,63279,0.2,45,2891,approved
702,0.507,0,83200,2.5,62,1000,denied
633,0.649,0,61034,6.8,47,20624,denied
785,0.248,0,60822,8.6,41,11647,approved
738,0.266,0,95343,1.0,63,26073,approved
847,0.232,0,73531,0.4,35,20698,approved
761,0.613,0,81543,10.2,21,1000,denied
790,0.342,0,136945,1.6,64,26323,approved
665,0.487,0,96155,1.8,57,1000,denied
750,0.456,0,79626,1.2,45,28377,denied
575,0.575,0,80373,10.9,37,14430,denied
623,0.305,0,75330,0.7,55,1474,denied
624,0.167,0,86781,7.1,44,44300,denied
674,0.275,0,57156,5.4,66,20958,approved
726,0.421,0,46300,5.8,69,1998,denied
517,0.38,0,50423,10.8,51,17655,denied
844,0.536,0,67361,0.6,70,27297,denied
557,0.446,0,89541,2.6,26,6534,denied
689,0.014,0,53884,1.9,22,22756,approved
647,0.279,2,67900,5.3,38,23208,denied
689,0.18,0,129531,8.4,51,25446,approved
612,0.324,0,48299,28.6,41,6834,denied
720,0.208,0,71229,4.1,18,1000,approved
765,0.191,0,47346,9.3,21,17876,approved
550,0.376,0,31561,11.2,68,34505,denied
751,0.36,3,94606,1.3,71,21393,denied
678,0.031,0,60439,18.8,32,15181,approved
728,0.338,0,76698,15.6,58,15582,approved
694,0.478,0,47866,4.4,18,1000,denied
603,0.168,0,84935,13.7,32,17822,denied
727,0.375,1,84175,1.8,66,10739,denied
736,0.337,0,45152,13.8,42,42813,approved
693,0.238,0,15000,6.9,40,12155,approved
682,0.0,0,75669,12.7,27,18587,approved
747,0.283,0,70757,2.4,51,29687,approved
664,0.125,1,98456,0.1,60,33145,denied
692,0.385,0,100087,0.5,72,26831,approved
797,0.153,0,57297,5.3,40,27201,approved
758,0.358,0,39972,2.8,66,38535,approved
621,0.255,0,44307,0.2,24,11678,denied
655,0.387,0,15000,2.1,48,12796,approved
677,0.233,0,55530,1.5,54,15417,approved
739,0.223,2,75794,4.8,47,26717,denied
829,0.308,0,67977,6.0,72,20523,approved
719,0.065,0,43968,0.5,20,8507,approved
693,0.675,1,97811,11.0,40,9383,denied
657,0.339,0,84552,26.3,42,20853,approved
620,0.388,0,90407,5.6,23,22199,denied
743,0.795,0,29209,0.1,21,42056,denied
720,0.515,0,99634,2.1,44,1000,denied
673,0.524,0,115632,3.7,53,44017,denied
634,0.051,0,119615,7.0,69,23094,denied
755,0.293,0,100261,3.8,55,31471,approved
664,0.235,0,93729,6.8,32,12644,approved
701,0.433,0,127563,5.3,18,1000,denied
702,0.41,0,27213,9.1,45,20349,denied
717,0.123,0,73154,7.2,19,14367,approved
618,0.352,0,77907,1.8,36,23808,denied
740,0.328,0,97379,5.4,57,5029,approved
650,0.15,0,113167,19.6,73,17864,approved
550,0.413,0,66246,10.1,46,39096,denied
738,0.32,0,102629,1.3,42,16200,approved
455,0.297,0,15000,0.5,64,18962,denied
647,0.292,0,27298,8.1,23,29257,approved
767,0.482,0,29931,7.8,31,40229,denied
689,0.582,0,82064,2.9,52,6874,denied
721,0.23,0,15000,15.8,52,5648,approved
685,0.308,0,102097,11.9,18,50835,approved
624,0.787,1,53480,1.8,36,25570,denied
732,0.453,0,111195,3.7,45,4315,denied
794,0.392,1,59445,19.5,48,22851,denied
609,0.062,0,114443,0.5,58,7216,denied
588,0.338,1,34289,10.2,34,2232,denied
703,0.318,3,80868,7.0,44,22376,denied
792,0.284,0,73944,8.2,75,36776,approved
691,0.299,0,54020,2.3,57,1000,approved
634,0.324,0,39950,10.1,69,1000,denied
701,0.208,0,51181,0.6,30,28562,approved
646,0.253,0,43654,14.3,22,6389,approved
690,0.239,0,76686,16.8,28,35471,approved
696,0.262,0,109416,1.8,72,15345,approved
773,0.229,0,57091,1.8,50,1366,approved
694,0.259,0,88720,1.9,64,16738,approved
641,0.221,2,111764,14.1,26,18553,denied
602,0.434,0,85376,6.2,31,1075,denied
612,0.35,0,117022,13.3,69,3803,denied
534,0.471,0,87904,6.2,34,27392,denied
750,0.128,0,119764,17.7,47,1489,approved
668,0.434,0,88125,26.4,68,15681,denied
744,0.0,0,59689,1.0,26,25094,approved
726,0.561,0,76428,8.7,64,31758,denied
729,0.474,0,105033,5.0,37,17753,denied
616,0.437,2,64634,11.3,37,30149,denied
750,0.092,0,30315,1.8,70,39270,approved
657,0.624,0,67607,0.6,68,1000,denied
617,0.134,0,97143,7.7,32,1000,denied
660,0.287,0,89110,1.3,66,26109,approved
780,0.303,0,55943,9.9,51,15346,approved
784,0.39,1,98105,0.6,42,11371,denied
703,0.525,0,67731,6.8,37,3876,denied
654,0.191,0,60201,1.4,33,14498,approved
722,0.351,0,70578,7.3,60,1000,approved
562,0.284,0,15000,5.6,27,1938,denied
805,0.413,0,71495,2.8,29,34809,denied
599,0.44,0,86275,23.6,60,29499,denied
850,0.27,0,82517,0.9,60,16422,approved
682,0.192,0,77194,3.6,24,22397,approved
746,0.192,1,25523,10.5,61,26875,denied
728,0.072,0,39734,5.7,23,17482,approved
622,0.13,0,87453,8.4,41,4094,denied
656,0.385,0,105784,0.9,68,34302,approved
681,0.458,0,94079,6.6,24,17126,denied
688,0.38,0,71914,1.3,72,14307,approved
772,0.427,2,50174,0.5,26,44679,denied
667,0.222,3,45275,1.6,65,16072,denied
751,0.251,0,70308,0.9,33,16801,approved
686,0.101,0,77652,26.2,46,7025,approved
720,0.328,0,67855,4.9,42,21692,approved
550,0.301,0,44990,4.7,73,12079,denied
645,0.271,0,30555,0.3,62,15910,approved
555,0.407,0,63395,9.7,69,11198,denied
838,0.388,0,86196,10.5,70,19304,approved
505,0.62,0,72781,1.7,57,28482,denied
681,0.521,0,96539,7.2,64,14064,denied
750,0.379,0,114595,1.5,63,18506,approved
653,0.346,0,71417,10.5,47,36964,approved
650,0.361,0,55359,6.1,39,12311,approved
673,0.146,0,55250,4.8,48,16980,approved
706,0.347,0,53409,1.9,38,11453,approved
674,0.464,0,54985,17.1,24,27185,denied
656,0.233,0,93283,8.6,26,25406,approved
735,0.465,0,32170,0.2,46,47127,denied
566,0.362,0,67457,2.7,48,34087,denied
653,0.206,0,73572,6.9,64,25453,approved
624,0.292,1,32171,1.9,45,4092,denied
772,0.362,0,110421,0.2,19,13807,approved
640,0.068,0,72660,1.4,63,40942,approved
672,0.135,0,31647,3.0,38,24366,approved
685,0.174,0,51097,2.5,61,16268,approved
636,0.499,3,96139,2.8,31,23359,denied
742,0.347,0,109457,17.9,73,32466,approved
593,0.48,0,56597,6.1,63,14710,denied
678,0.121,0,84682,0.2,36,3984,approved
621,0.242,0,21998,0.0,71,1000,denied
651,0.627,0,93722,1.5,42,17847,denied
722,0.259,0,101204,9.8,62,22889,approved
648,0.386,0,110930,7.8,30,9228,approved
789,0.338,0,23140,8.3,54,27384,approved
792,0.337,0,105368,7.5,24,6085,approved
616,0.45,0,76610,17.5,24,10844,denied
756,0.364,0,56258,1.1,18,5744,approved
692,0.433,0,98182,1.2,47,55062,denied
730,0.088,0,65683,7.3,75,18449,approved
782,0.157,0,42724,6.7,43,1000,approved
545,0.35,0,17044,1.3,53,36288,denied
683,0.531,0,71841,11.1,68,26352,denied
690,0.283,0,42907,0.7,29,31696,approved
754,0.378,0,73322,11.4,43,16014,approved
708,0.283,0,48956,1.2,38,22932,approved
607,0.4,0,101174,15.3,46,28416,denied
768,0.124,0,72806,8.1,55,1000,approved
677,0.455,0,40389,11.9,19,7718,denied
801,0.222,0,70606,4.5,22,30609,approved
757,0.312,0,47300,10.2,75,5344,approved
760,0.381,0,80355,6.2,33,16758,approved
642,0.481,0,80982,2.1,26,14130,denied
739,0.337,0,107002,23.9,39,25222,approved
775,0.257,0,15000,1.3,75,12666,approved
625,0.738,1,40499,5.4,55,15576,denied
761,0.239,0,74494,3.9,31,28651,approved
667,0.465,0,80376,5.4,49,29587,denied
758,0.368,0,76154,9.4,21,19919,approved
753,0.32,0,69321,4.0,73,24565,approved
641,0.174,0,72575,4.8,59,37044,approved
623,0.377,0,112479,8.2,44,11260,denied
650,0.214,0,97267,5.2,56,31302,approved
709,0.232,0,102277,11.5,28,24451,approved
758,0.401,1,103461,0.3,75,31573,denied
688,0.382,0,86654,1.8,42,8290,approved
628,0.373,0,34063,12.9,38,23247,denied
603,0.361,0,23032,1.4,44,14665,denied
614,0.13,2,82975,7.8,40,29194,denied
647,0.28,0,62053,1.6,31,17839,approved
688,0.29,0,37012,0.2,37,12075,approved
697,0.296,0,95051,3.4,42,29415,approved
756,0.532,0,78272,0.9,38,16020,denied
625,0.089,0,49083,2.4,18,10767,denied
636,0.243,1,84088,2.0,40,15945,denied
696,0.367,0,51268,13.0,65,9191,approved
567,0.283,0,44902,18.1,56,9273,denied
661,0.025,1,99570,2.7,47,25285,denied
735,0.394,0,62236,0.1,40,31852,approved
791,0.354,0,19894,8.0,51,14599,approved
669,0.37,0,69696,7.2,62,13229,approved
774,0.085,0,61090,3.1,40,9749,approved
664,0.377,0,26337,5.2,51,24652,approved
698,0.031,0,68736,1.5,59,20821,approved
625,0.38,0,60439,2.8,27,20660,denied
805,0.617,2,95648,17.5,18,27249,denied
684,0.293,2,36519,2.5,24,8541,denied
769,0.226,0,72836,1.8,58,22683,approved
629,0.589,0,67655,19.4,50,16486,denied
789,0.36,0,48799,0.3,33,14331,approved
850,0.195,1,68500,1.4,28,16896,denied
683,0.42,1,50842,9.7,18,13622,denied
674,0.322,0,112161,1.4,27,9031,approved
732,0.341,0,93715,18.0,35,40739,approved
767,0.464,0,71110,6.3,55,15814,denied
641,0.301,0,86143,8.1,60,16145,approved
726,0.217,0,86227,9.8,49,32921,approved
709,0.341,0,84009,0.7,31,8756,approved
634,0.021,0,35990,9.3,36,22448,denied
742,0.307,2,36182,14.8,57,17159,denied
581,0.065,0,117435,10.2,53,17922,denied
723,0.253,0,80316,7.7,37,21404,approved
678,0.221,0,68603,14.8,68,14831,approved
703,0.407,0,105765,5.3,53,38397,denied
594,0.34,0,49822,13.6,67,10925,denied
574,0.333,1,35474,3.5,29,19096,denied
631,0.445,0,57013,1.7,63,31571,denied
696,0.387,0,40291,0.6,40,11841,approved
669,0.33,0,26513,3.3,22,11291,approved
731,0.588,0,57223,2.1,41,31164,denied
615,0.333,3,34368,1.2,45,21618,denied
713,0.0,1,88074,2.0,31,29928,denied
643,0.248,0,105472,4.0,63,10046,approved
507,0.435,1,88673,3.7,67,21381,denied
705,0.409,2,87165,5.7,41,1000,denied
653,0.303,0,76603,4.5,61,1000,approved
778,0.333,0,30939,3.1,67,1000,approved
644,0.201,0,35346,9.0,75,22285,approved
641,0.524,0,75405,4.5,44,1000,denied
567,0.386,1,50759,15.0,43,10321,denied
700,0.257,1,77322,0.4,27,18267,denied
827,0.347,0,57846,2.7,55,1000,approved
668,0.455,1,49323,5.2,38,15970,denied
724,0.277,0,127274,2.3,58,21420,approved
787,0.184,0,55424,4.5,37,17975,approved
666,0.472,0,57829,0.3,25,40480,denied
632,0.35,0,106657,28.1,61,23446,denied
722,0.276,0,84641,6.0,41,1910,approved
706,0.285,0,89211,5.4,62,11998,approved
705,0.558,1,77045,4.5,42,30252,denied
664,0.335,0,92674,4.0,46,48274,approved
717,0.234,0,47207,3.2,54,43695,approved
641,0.577,0,61694,9.6,62,24240,denied
656,0.211,0,42943,0.4,57,1000,approved
673,0.233,0,61207,0.1,35,1000,approved
672,0.172,0,109651,2.5,34,1000,approved
665,0.267,0,108658,2.3,30,1000,approved
559,0.444,0,63690,0.2,32,14554,denied
642,0.069,0,35857,1.7,38,14991,approved
850,0.369,0,63035,3.8,35,35387,approved
588,0.093,0,41163,1.6,29,3495,denied
686,0.251,2,59105,1.5,19,20800,denied
743,0.523,0,41042,9.5,53,12778,denied
530,0.384,0,106927,15.6,73,9900,denied
756,0.3,0,81838,0.1,28,18344,approved
713,0.271,1,92187,14.1,27,20527,denied
601,0.334,0,58962,2.4,19,24456,denied
580,0.406,1,54673,0.2,48,34580,denied
757,0.246,0,84507,11.1,75,14929,approved
664,0.387,1,128020,11.8,53,51840,denied
824,0.247,0,31319,0.6,42,11773,approved
648,0.205,2,57219,18.1,71,28581,denied
492,0.259,0,29143,5.5,35,1000,denied
704,0.182,0,102521,2.3,28,9416,approved
747,0.278,0,59944,14.9,69,21664,approved
578,0.383,0,103278,6.5,41,16234,denied
677,0.416,0,40402,11.4,51,17462,denied
850,0.398,0,56143,6.8,27,11067,approved
635,0.456,0,165005,8.1,66,23254,denied
637,0.437,0,15000,0.1,69,23622,denied
639,0.491,3,60701,5.8,51,1000,denied
509,0.101,0,83971,4.6,45,5791,denied
632,0.359,1,86231,0.2,46,51210,denied
635,0.328,3,133612,8.4,70,7026,denied
686,0.094,0,111115,5.9,37,23210,approved
716,0.321,0,67129,1.9,40,8440,approved
646,0.311,0,92435,3.0,62,10370,approved
684,0.419,3,50922,1.6,23,35000,denied
720,0.43,1,31204,6.1,54,9621,denied
673,0.22,0,51369,16.5,45,13696,approved
689,0.589,0,78737,4.8,72,24821,denied
663,0.018,0,32486,4.9,55,20891,approved
473,0.304,0,101755,13.7,39,12276,denied
717,0.224,0,80848,1.1,73,38673,approved
698,0.264,0,81089,5.3,59,32441,approved
617,0.574,0,66655,4.1,41,18631,denied
756,0.148,0,84795,21.5,60,1000,approved
796,0.269,0,17554,6.3,41,12654,approved
667,0.029,0,69955,2.4,64,2876,approved
850,0.157,0,15000,20.3,42,25877,approved
790,0.29,0,59199,1.9,63,20784,approved
674,0.433,0,134590,16.3,71,9975,denied
850,0.276,0,62034,7.4,40,45263,approved
687,0.023,0,98615,0.6,57,1000,approved
779,0.235,0,40277,0.9,38,25148,approved
664,0.528,0,43351,3.2,40,1000,denied
769,0.623,0,50781,9.1,70,31015,denied
736,0.255,0,89009,2.2,74,13352,approved
645,0.57,0,67254,6.6,49,19640,denied
716,0.185,0,74686,11.5,47,29172,approved
609,0.35,0,74511,7.8,59,39149,denied
668,0.172,0,92837,2.3,71,25998,approved
756,0.547,1,44194,27.2,55,36006,denied
809,0.432,0,15000,2.4,47,42998,denied
797,0.238,1,20446,13.6,25,26971,denied
649,0.501,1,76875,2.1,37,15238,denied
674,0.22,0,98506,2.1,45,46838,approved
753,0.159,0,94008,3.9,45,16480,approved
568,0.417,0,41843,1.7,51,24423,denied
665,0.333,0,70277,0.7,19,12852,approved
797,0.385,0,81109,11.0,41,24216,approved
693,0.22,0,74892,2.2,43,10196,approved
657,0.382,0,105024,3.1,70,9124,approved
850,0.563,2,40885,8.2,31,26503,denied
693,0.193,0,98673,1.2,26,2592,approved
597,0.293,0,79133,16.5,25,11089,denied
751,0.397,0,109914,1.7,33,18326,approved
609,0.269,0,134330,2.6,59,1000,denied
568,0.326,0,94896,1.4,70,41315,denied
701,0.401,0,115795,0.9,20,1000,denied
704,0.308,0,76711,4.1,52,1000,approved
627,0.744,0,15000,2.7,21,9361,denied
692,0.308,0,20431,4.1,72,20605,approved
772,0.576,2,82110,21.3,21,5691,denied
833,0.225,0,56427,21.8,40,1000,approved
739,0.373,0,78358,1.0,31,6505,approved
760,0.036,0,45285,0.8,64,10053,approved
640,0.241,0,82978,6.6,48,30348,approved
622,0.478,0,77548,7.8,31,18652,denied
704,0.487,1,25552,3.8,56,39799,denied
782,0.293,0,92654,12.2,45,38930,approved
743,0.081,0,40479,7.9,52,37484,approved
697,0.39,0,131003,1.6,56,1000,approved
694,0.13,0,81919,5.9,38,12315,approved
744,0.331,0,46513,12.2,24,17388,approved
728,0.272,0,69402,3.1,69,14072,approved
829,0.254,0,27941,4.7,19,32255,approved
622,0.423,0,59101,3.2,68,46469,denied
705,0.137,0,55099,22.0,33,1000,approved
592,0.468,0,15000,8.7,38,32529,denied
656,0.38,0,45811,0.6,48,22688,approved
806,0.663,0,47579,8.9,74,19322,denied
714,0.588,0,39460,9.2,36,27978,denied
685,0.271,0,108697,3.0,38,9680,approved
770,0.488,0,65822,12.5,44,11908,denied
728,0.343,0,83353,10.1,56,22888,approved
533,0.164,0,119485,3.6,46,5507,denied
619,0.43,2,67575,0.4,44,2597,denied
701,0.32,0,59804,0.2,19,15466,approved
727,0.355,0,104556,3.2,68,12689,approved
679,0.431,0,66775,2.9,53,16169,denied
770,0.293,0,72199,6.1,44,26060,approved
608,0.438,0,105841,3.3,21,26127,denied
673,0.404,2,130261,3.7,35,17907,denied
749,0.251,0,91685,8.2,31,9610,approved
735,0.379,0,63379,6.5,64,13195,approved
716,0.299,0,30027,23.0,59,24478,approved
696,0.381,0,91312,4.4,68,5808,approved
750,0.07,0,98925,24.6,59,18612,approved
828,0.311,0,78343,2.1,73,25208,approved
758,0.309,0,64279,10.7,66,1000,approved
768,0.524,0,139944,7.3,45,53877,denied
794,0.496,0,94954,1.5,52,6190,denied
609,0.231,1,61637,8.1,29,17880,denied
729,0.321,0,107956,0.4,31,22802,approved
747,0.285,0,109921,5.8,57,17628,approved
732,0.326,0,60393,6.7,21,42754,approved
686,0.457,1,85700,17.3,57,5214,denied
762,0.354,0,59170,24.9,64,6965,approved
737,0.49,0,71318,1.4,34,11437,denied
647,0.18,0,85487,1.3,27,22434,approved
700,0.303,0,78287,6.6,49,19212,approved
719,0.421,0,104001,9.5,68,3587,denied
695,0.428,0,96895,1.5,27,34756,denied
753,0.3,1,109793,5.5,46,6407,denied
621,0.307,0,81183,3.6,35,19279,denied
736,0.591,1,50878,7.6,66,27822,denied
803,0.35,2,87630,0.7,36,22966,denied
671,0.122,0,51845,0.1,57,24945,approved
771,0.231,0,95997,8.5,24,23764,approved
676,0.43,2,41056,0.8,36,8254,denied
686,0.09,0,74738,9.0,49,13124,approved
620,0.382,2,56476,4.3,53,12731,denied
711,0.374,0,65971,1.3,55,14992,approved
647,0.673,3,95387,6.9,64,10990,denied
724,0.257,1,48670,2.2,22,44638,denied
575,0.262,0,95222,25.0,25,14222,denied
683,0.26,0,22401,7.5,57,14032,approved
601,0.134,1,72519,15.0,37,27972,denied
797,0.341,2,81763,7.3,71,23703,denied
718,0.262,0,89533,5.8,69,31045,approved
647,0.271,0,24095,4.5,43,22682,approved
799,0.381,0,98346,23.6,63,13082,approved
612,0.188,0,28543,9.1,52,38017,denied
731,0.487,3,66363,0.6,70,24466,denied
675,0.442,2,68409,3.3,23,24269,denied
797,0.47,0,60343,3.7,25,17739,denied
709,0.0,0,103025,0.7,46,28586,approved
749,0.05,0,61496,26.2,24,30435,approved
666,0.262,0,60742,4.2,38,4610,approved
850,0.351,0,41892,1.7,50,8764,approved
653,0.403,0,48970,2.8,40,4326,denied
733,0.443,0,36338,2.3,53,17587,denied
510,0.139,0,66001,9.4,69,7394,denied
630,0.222,0,61010,3.4,71,22020,denied
717,0.335,0,15000,1.9,40,32429,approved
674,0.226,0,126360,20.6,67,22090,approved
633,0.063,0,64756,12.9,70,27644,denied
626,0.647,0,69072,7.0,30,17085,denied
692,0.079,0,40735,6.5,69,1000,approved
634,0.337,1,23773,4.4,74,23039,denied
667,0.536,1,69797,3.8,25,8340,denied
708,0.482,0,20688,3.0,55,16133,denied
799,0.273,0,72631,5.0,43,1699,approved
657,0.301,0,46848,6.7,31,3543,approved
612,0.225,0,92428,5.0,20,25617,denied
743,0.367,0,69009,7.5,59,1000,approved
590,0.286,0,15000,2.4,54,32568,denied
664,0.365,0,55862,11.8,50,35094,approved
687,0.213,0,42773,1.5,64,27399,approved
748,0.168,0,52688,8.6,60,37829,approved
751,0.479,0,60142,2.6,27,5098,denied
688,0.552,0,54373,1.8,44,15150,denied
746,0.3,0,72901,0.1,67,15271,approved
766,0.168,0,101010,5.9,29,3779,approved
723,0.417,0,98265,4.2,63,2086,denied
725,0.376,0,83302,6.1,63,20879,approved
656,0.0,0,39456,6.3,23,19365,approved
737,0.05,0,88561,2.9,71,46744,approved
619,0.707,2,76083,8.2,24,33388,denied
705,0.271,0,89160,2.4,69,19246,approved
730,0.325,0,45959,3.5,50,5339,approved
808,0.167,0,124638,6.2,50,12913,approved
654,0.391,1,53318,5.9,18,1000,denied
765,0.389,0,58198,9.9,28,10922,approved
644,0.424,0,95154,0.1,50,16518,denied
653,0.348,0,76936,4.2,19,36369,approved
617,0.406,0,121970,2.4,33,6528,denied
757,0.317,0,51070,3.0,65,1000,approved
724,0.353,0,58578,10.7,57,25927,approved
776,0.335,0,66722,7.6,39,16478,approved
702,0.453,0,90106,1.9,60,19952,denied
685,0.375,0,53344,2.5,66,12733,approved
712,0.323,0,15000,20.4,31,3447,approved
621,0.335,2,46174,18.6,36,22722,denied
657,0.205,0,130164,0.8,46,22681,approved
655,0.437,0,46772,4.0,55,28567,denied
850,0.449,0,66054,3.2,35,1000,denied
556,0.45,0,94185,1.9,20,22738,denied
685,0.454,0,25806,40.0,62,30307,denied
708,0.141,0,65679,0.3,45,45909,approved
678,0.303,0,67519,13.9,59,19180,approved
611,0.198,0,58140,3.4,64,17311,denied
773,0.333,0,42842,7.7,39,36364,approved
696,0.388,0,32462,2.2,56,13006,approved
724,0.459,0,48121,1.1,18,16401,denied
683,0.412,0,43139,5.5,45,16792,denied
536,0.38,0,71446,3.2,44,13512,denied
802,0.377,0,75072,4.6,44,20150,approved
611,0.265,3,43424,11.7,22,42974,denied
677,0.309,0,47674,10.7,66,12563,approved
761,0.333,0,75221,6.3,67,10492,approved
694,0.03,0,72800,2.8,38,20160,approved
780,0.213,0,99474,0.6,33,28414,approved
623,0.151,0,39011,0.9,34,24795,denied
615,0.422,0,15000,14.5,35,15555,denied
650,0.385,0,53145,3.2,28,3667,approved
777,0.367,0,55172,1.3,68,25114,approved
659,0.286,0,63495,18.7,73,30777,approved
681,0.321,0,72017,11.0,24,21021,approved
608,0.399,0,77137,0.1,23,18840,denied
764,0.326,0,86133,6.3,20,24778,approved
711,0.472,0,65830,2.5,67,11349,denied
685,0.477,1,105225,1.1,36,37141,denied
647,0.725,1,99681,23.3,46,1283,denied
699,0.192,0,94438,16.4,36,39606,approved
611,0.639,0,45424,13.8,33,12359,denied
701,0.275,0,112911,6.5,53,1000,approved
650,0.409,0,72308,1.4,74,35195,denied
811,0.524,1,60150,8.3,41,38575,denied
630,0.267,1,89988,11.7,40,1000,denied
607,0.373,0,15000,11.3,30,15144,denied
747,0.465,0,85626,2.7,66,36440,denied
731,0.215,2,129697,9.8,45,11635,denied
775,0.568,2,57108,3.8,72,25458,denied
652,0.16,0,72689,7.8,38,27916,approved
734,0.398,0,93106,1.9,29,12080,approved
819,0.345,0,102747,3.5,22,27189,approved
721,0.241,0,44082,1.1,72,1000,approved
705,0.16,0,134671,3.4,46,9838,approved
776,0.373,0,40267,1.1,68,17140,approved
504,0.281,1,53941,7.8,31,15068,denied
714,0.324,0,41078,1.0,52,14040,approved
675,0.615,1,99482,9.4,74,6418,denied
679,0.364,0,76456,13.9,39,21052,approved
654,0.375,0,92338,0.6,59,34414,approved
621,0.427,0,71391,5.8,28,40916,denied
579,0.311,0,33672,0.8,67,29070,denied
650,0.154,0,75186,8.2,68,18925,approved
732,0.335,0,65303,19.6,45,26741,approved
733,0.097,0,106864,6.9,53,1000,approved
760,0.372,0,77289,8.0,47,7114,approved
692,0.564,2,55939,0.3,61,25619,denied
501,0.457,0,68379,19.9,72,14178,denied
717,0.217,0,112286,4.9,60,27661,approved
770,0.345,0,106796,16.7,65,33064,approved
775,0.169,0,140840,2.5,43,9153,approved
753,0.58,1,67724,6.7,64,4534,denied
712,0.32,2,75269,5.9,72,27767,denied
812,0.402,2,56941,4.3,49,4054,denied
593,0.247,0,82372,3.7,25,30354,denied
597,0.415,0,32462,0.1,19,15733,denied
674,0.325,0,71014,28.3,66,16876,approved
643,0.572,0,102974,0.6,32,13963,denied
593,0.36,3,40696,8.1,70,1000,denied
777,0.165,0,72283,5.9,57,28451,approved
850,0.269,0,58802,1.6,71,1728,approved
570,0.373,0,61988,4.8,35,21058,denied
673,0.406,0,125269,11.4,36,2209,denied
698,0.329,0,31287,9.4,58,20228,approved
786,0.073,0,33954,14.3,33,8786,approved
570,0.619,3,79631,1.6,30,25950,denied
662,0.043,1,41597,3.2,72,16715,denied
639,0.166,0,80565,4.5,59,11539,denied
634,0.322,0,94988,1.5,41,24450,denied
658,0.567,0,88239,17.3,44,13778,denied
755,0.049,0,58685,7.5,29,24546,approved
609,0.179,0,99399,11.5,24,10533,denied
669,0.251,1,113772,12.0,46,1000,denied
704,0.303,1,102924,1.5,18,26518,denied
613,0.32,0,118417,5.3,44,19114,denied
775,0.365,0,68459,3.1,25,13950,approved
727,0.35,0,93595,9.2,32,18193,approved
789,0.329,0,15000,2.1,71,17209,approved
712,0.018,0,15000,3.3,62,33900,approved
850,0.38,0,83046,5.3,64,26536,approved
687,0.34,0,119590,5.3,53,19116,approved
695,0.351,1,70219,10.2,25,18923,denied
727,0.15,0,32864,2.8,25,10718,approved
850,0.226,0,48911,1.2,61,1000,approved
767,0.366,0,20354,0.5,27,1000,approved
689,0.315,0,73655,0.8,31,11774,approved
701,0.659,0,140965,3.1,44,39565,denied
609,0.48,0,89766,2.5,56,17149,denied
574,0.453,0,101756,0.9,44,23996,denied
668,0.445,0,67281,0.8,30,10660,denied
672,0.401,0,31240,1.0,22,26949,denied
633,0.37,0,103022,0.4,29,17600,denied
666,0.216,0,55936,1.5,39,1674,approved
805,0.408,0,77194,19.5,62,12905,denied
547,0.418,0,76430,5.4,66,1000,denied
715,0.359,0,64369,11.0,20,19897,approved
690,0.249,0,53631,6.8,34,28019,approved
741,0.335,3,100707,35.9,73,15087,denied
620,0.328,0,28052,11.0,61,19836,denied
683,0.303,0,42386,5.1,30,22616,approved
650,0.317,2,127602,23.4,44,28169,denied
724,0.418,0,55835,4.9,18,20978,denied
714,0.203,0,77871,0.4,26,40614,approved
753,0.208,0,87661,4.1,64,16019,approved
576,0.427,0,45024,8.6,50,39002,denied
643,0.306,0,103179,3.2,38,13115,approved
675,0.205,0,82753,10.7,29,28673,approved
671,0.287,0,111276,5.6,21,5018,approved
703,0.038,0,55579,13.2,47,56427,approved
720,0.629,0,91915,2.1,32,24235,denied
737,0.345,0,87117,5.2,63,14046,approved
672,0.193,0,73813,4.9,33,20959,approved
681,0.306,3,66112,3.7,29,20136,denied
724,0.55,0,48099,11.3,23,40409,denied
728,0.348,0,74528,15.0,71,41363,approved
731,0.33,0,90130,6.6,50,1877,approved
579,0.076,0,86937,0.5,39,1000,denied
755,0.294,0,29163,7.3,53,13683,approved
714,0.168,0,59140,2.0,23,9966,approved
563,0.308,0,101731,4.0,26,25172,denied
829,0.432,2,50303,13.3,50,1000,denied
693,0.137,0,46438,11.9,40,9591,approved
734,0.37,0,43179,0.0,22,2045,approved
701,0.254,0,69478,1.4,39,1000,approved
551,0.309,2,22763,24.5,63,13711,denied
782,0.133,2,26724,17.7,34,39552,denied
850,0.418,0,68860,6.7,26,17411,denied
825,0.321,0,76146,16.3,36,1000,approved
754,0.0,0,55972,6.7,19,12442,approved
758,0.045,0,112917,5.6,34,17406,approved
710,0.36,0,22888,4.9,66,14759,approved
518,0.368,0,50714,8.1,41,5364,denied
702,0.232,0,91956,12.9,21,3522,approved
729,0.425,0,70780,1.7,21,17485,denied
688,0.362,0,82279,4.7,33,20285,approved
792,0.149,1,15000,4.9,75,29371,denied
753,0.447,0,24570,8.7,63,38852,denied
685,0.513,0,102848,5.3,61,34242,denied
610,0.166,0,102635,4.2,43,20278,denied
750,0.479,0,119905,2.1,34,24786,denied
733,0.388,0,115538,1.8,71,15074,approved
802,0.36,0,15000,3.1,59,1000,approved
698,0.189,2,95674,16.7,21,22814,denied
603,0.308,0,81810,1.6,30,10492,denied
699,0.365,0,87461,0.6,37,9268,approved
678,0.407,0,42531,7.9,71,4517,denied
805,0.199,0,74680,8.8,64,32208,approved
668,0.264,0,86257,0.2,74,7226,approved
820,0.262,0,95009,6.4,58,21715,approved
654,0.278,3,93301,7.5,28,14332,denied
650,0.467,0,59570,2.6,75,20458,denied
768,0.357,0,98904,8.7,20,9610,approved
646,0.31,0,86672,0.6,29,14917,approved
850,0.399,0,116877,1.8,19,23437,approved
625,0.677,0,51733,12.5,45,34608,denied
584,0.464,0,65851,7.4,52,30193,denied
659,0.352,0,63888,1.5,28,18001,approved
685,0.391,0,15000,1.1,71,19550,approved
820,0.238,0,82982,3.9,27,21374,approved
748,0.403,0,31055,10.2,57,14430,denied
774,0.581,3,121898,11.6,19,15498,denied
635,0.088,0,72156,1.9,43,24606,denied
702,0.245,0,22058,7.4,63,15270,approved
831,0.641,1,109956,0.0,49,28070,denied
703,0.423,0,53065,2.4,72,22908,denied
791,0.383,0,95074,4.0,50,30457,approved
650,0.25,2,54142,4.2,72,21341,denied
850,0.1,1,87159,0.5,49,1000,denied
558,0.435,0,88126,15.3,40,3497,denied
633,0.366,0,94860,3.6,73,29461,denied
674,0.061,0,74189,0.9,64,12461,approved
624,0.316,0,75297,3.1,59,20738,denied
633,0.141,0,78965,6.4,50,23652,denied
567,0.181,2,109805,29.0,39,36698,denied
664,0.268,0,59706,0.0,59,8673,approved
730,0.348,0,60514,9.1,50,25355,approved
679,0.642,1,66380,2.9,34,40428,denied
777,0.493,0,43812,1.1,64,1000,denied
624,0.156,0,130603,6.0,55,42015,denied
630,0.388,0,91283,4.0,49,1000,denied
709,0.334,0,109616,2.4,31,37158,approved
692,0.159,0,42720,2.7,38,20225,approved
610,0.46,0,46674,4.8,30,26969,denied
710,0.5,0,25815,4.5,45,25788,denied
756,0.246,1,71984,4.4,66,12342,denied
725,0.484,0,48077,9.1,51,19024,denied
850,0.36,0,115271,22.8,73,2466,approved
839,0.338,0,73722,5.0,53,9977,approved
675,0.174,2,72605,4.1,43,34061,denied
766,0.2,0,114056,0.4,44,14072,approved
610,0.485,0,15000,3.2,25,1000,denied
740,0.451,1,112547,1.4,71,22122,denied
841,0.138,0,116345,3.3,40,39285,approved
707,0.341,0,74904,2.3,40,21823,approved
706,0.463,0,77223,2.8,38,6725,denied
565,0.175,0,87908,14.5,52,18461,denied
708,0.327,0,46025,15.4,58,1000,approved
680,0.53,1,46250,11.2,27,9168,denied
604,0.376,0,94017,1.4,57,8818,denied
662,0.368,0,42712,14.5,72,24002,approved
658,0.313,0,64449,12.9,38,16958,approved
805,0.501,1,47105,1.7,26,41685,denied
754,0.493,1,54374,5.7,41,1000,denied
647,0.181,1,72069,7.0,62,19907,denied
659,0.606,0,97936,6.3,66,25278,denied
699,0.637,0,43845,4.6,37,1000,denied
710,0.655,0,57104,3.0,41,15709,denied
759,0.376,0,52472,0.3,33,1000,approved
727,0.226,0,72339,0.8,24,34058,approved
791,0.547,0,57864,8.3,39,8348,denied
657,0.369,0,46490,0.5,48,7719,approved
844,0.357,0,85577,9.1,59,18696,approved
778,0.343,0,57352,3.4,26,16352,approved
656,0.341,0,75006,1.9,33,26847,approved
725,0.468,3,100487,0.0,60,33459,denied
638,0.41,0,65206,0.5,68,17632,denied
653,0.275,0,38264,10.2,65,33999,approved
742,0.016,0,35021,2.4,38,34878,approved
694,0.359,0,108048,1.4,51,28025,approved
707,0.437,0,61361,2.7,63,1069,denied
692,0.403,0,70002,3.8,52,21797,denied
538,0.309,0,86133,6.1,69,13528,denied
659,0.386,0,96943,0.0,30,11856,approved
640,0.212,1,93452,3.8,74,44044,denied
787,0.242,0,47030,0.4,68,21953,approved
720,0.122,0,145612,15.1,39,1235,approved
788,0.434,0,25903,4.2,58,8133,denied
774,0.288,0,82418,0.0,67,21882,approved
697,0.179,0,75597,9.1,19,15998,approved
687,0.327,0,26696,3.7,42,16207,approved
650,0.547,0,62397,1.5,21,21427,denied
644,0.254,0,47196,3.4,29,1000,approved
795,0.247,0,96758,0.1,45,34105,approved
707,0.433,0,66314,9.2,70,20514,denied
705,0.677,1,91414,1.9,24,44677,denied
722,0.8,0,66426,4.1,68,29699,denied
714,0.033,0,113617,1.3,22,1000,approved
745,0.201,0,89683,7.2,74,27443,approved
736,0.181,0,44388,6.0,63,36332,approved
668,0.147,0,127919,11.4,68,18235,approved
819,0.392,0,27508,0.3,66,40712,approved
613,0.492,0,89175,2.4,70,17821,denied
676,0.345,0,108035,0.2,20,23513,approved
675,0.615,0,42637,1.0,47,31519,denied
798,0.094,0,79586,0.8,18,1000,approved
627,0.185,0,46830,10.5,49,19147,denied
611,0.419,0,74015,0.1,36,10813,denied
669,0.293,2,37332,8.3,71,19155,denied
691,0.339,0,63274,0.6,71,22118,approved
656,0.415,0,42673,0.6,59,41528,denied
682,0.337,0,21687,3.7,65,46937,approved
763,0.337,0,95141,1.9,46,29676,approved
672,0.387,0,50437,5.6,56,22983,approved
820,0.263,0,91601,12.1,51,25000,approved
796,0.339,0,78416,8.0,41,21545,approved
748,0.309,0,81546,18.8,44,18899,approved
784,0.384,0,46221,5.1,67,31591,approved
667,0.198,0,88460,0.3,69,21718,approved
657,0.228,0,106746,2.2,63,33837,approved
632,0.651,0,55605,5.7,18,21242,denied
816,0.476,0,67650,16.2,20,12784,denied
823,0.535,0,73402,5.6,59,25944,denied
746,0.548,0,90189,0.9,56,31760,denied
696,0.592,0,93040,9.2,58,18283,denied
677,0.143,0,45978,13.4,38,15136,approved
655,0.422,2,91286,0.6,36,22109,denied
768,0.275,1,108436,3.2,44,13653,denied
779,0.336,0,121647,13.4,59,12557,approved
778,0.321,0,139668,4.1,59,22047,approved
798,0.152,0,58093,12.6,68,40096,approved
557,0.408,1,65576,3.0,60,10533,denied
632,0.476,0,95168,2.4,42,33147,denied
722,0.284,0,48243,14.2,52,1466,approved
658,0.581,0,31334,10.0,63,26920,denied
529,0.11,2,83490,5.4,38,4680,denied
761,0.165,0,76677,16.1,66,1000,approved
671,0.196,1,45296,2.2,33,24874,denied
679,0.411,0,73930,7.7,34,17572,denied
665,0.271,3,38173,3.8,21,27766,denied
673,0.276,1,108550,2.3,22,26926,denied
631,0.423,0,98750,0.8,21,6140,denied
770,0.353,0,53488,11.2,58,33062,approved
782,0.352,0,39472,3.2,37,33049,approved
775,0.376,0,114913,9.1,55,29984,approved
643,0.107,0,118898,0.8,42,24064,approved
725,0.471,0,51880,8.3,56,32159,denied
850,0.273,0,88800,1.2,67,20748,approved
641,0.222,0,41067,5.9,72,12927,approved
685,0.329,1,42225,1.5,19,1000,denied
677,0.361,0,124275,39.7,34,7042,approved
688,0.639,0,82477,23.4,54,3806,denied
583,0.169,2,149290,13.8,48,20588,denied
776,0.457,1,19284,9.0,24,22101,denied
564,0.412,1,39618,15.5,68,22279,denied
637,0.577,3,71032,7.7,25,21662,denied
691,0.057,0,88238,4.7,54,15671,approved
763,0.255,0,81603,3.3,47,33283,approved
742,0.691,3,75637,5.7,63,13577,denied
717,0.205,1,50490,13.4,53,12160,denied
850,0.445,0,96451,0.9,27,1000,denied
764,0.335,0,48428,22.5,25,28094,approved
622,0.481,0,101813,9.6,34,10653,denied
731,0.526,0,83649,6.6,20,5778,denied
836,0.376,0,56066,11.3,49,17724,approved
702,0.148,0,75168,11.1,29,8467,approved
756,0.348,1,45781,5.5,62,20522,denied
564,0.568,0,100836,6.4,22,34716,denied
645,0.125,0,87110,3.0,23,23863,approved
705,0.368,0,89837,3.9,41,31184,approved
753,0.336,0,88346,1.4,57,3320,approved
654,0.325,0,72825,2.0,59,22036,approved
655,0.345,0,16824,16.8,33,11964,approved
579,0.0,1,15000,13.6,28,20897,denied
651,0.195,2,78597,19.5,18,12270,denied
615,0.281,0,43664,1.0,23,30373,denied
610,0.305,1,56753,4.5,20,21695,denied
609,0.362,0,104819,15.8,30,22315,denied
701,0.215,0,93436,3.4,20,21015,approved
583,0.173,0,138105,4.3,56,22167,denied
599,0.0,0,25012,12.1,49,23440,denied
600,0.03,0,45611,3.3,67,16310,denied
674,0.353,0,96525,1.9,68,1365,approved
683,0.514,0,17581,2.2,65,2751,denied
730,0.173,0,61926,3.5,52,5860,approved
826,0.171,1,100646,6.4,38,19819,denied
693,0.191,0,105914,4.4,30,15869,approved
767,0.379,0,72538,3.7,52,20907,approved
707,0.351,0,131178,13.7,44,27503,approved
661,0.19,0,94170,9.7,49,8709,approved
715,0.219,0,76715,13.8,46,6836,approved
674,0.287,0,48415,4.5,40,8237,approved
636,0.135,0,83331,0.2,56,19037,denied
659,0.416,0,86208,3.8,38,10367,denied
708,0.331,0,72791,24.8,52,3244,approved
608,0.352,2,39547,5.3,70,31632,denied
801,0.405,0,96747,10.0,60,23299,denied
702,0.203,0,69026,5.0,43,38095,approved
606,0.293,0,80017,12.3,71,9923,denied
511,0.161,0,51902,13.2,54,12971,denied
657,0.529,0,25904,6.7,46,26831,denied
605,0.317,0,31845,4.5,19,38055,denied
660,0.242,0,134784,9.6,33,15693,approved
756,0.394,0,25329,9.8,56,18864,approved
768,0.085,1,84914,1.1,68,39033,denied
686,0.373,0,46177,2.1,43,13821,approved
578,0.196,0,102511,6.0,44,18288,denied
676,0.175,0,61282,2.9,55,23231,approved
629,0.471,0,98763,4.2,53,16664,denied
690,0.148,0,50909,3.4,56,18999,approved
733,0.134,0,104646,40.0,42,13594,approved
763,0.435,1,15000,2.0,25,25768,denied
671,0.435,1,76773,0.2,24,29952,denied
629,0.555,0,92036,8.2,37,36824,denied
685,0.381,0,129043,10.3,64,1000,approved
698,0.344,0,89135,14.6,21,10603,approved
673,0.338,0,30590,5.4,35,25132,approved
758,0.349,0,97113,21.2,74,14157,approved
602,0.59,0,93826,0.5,67,26663,denied
850,0.426,0,83351,3.4,30,22651,denied
803,0.396,1,78036,4.0,69,1000,denied
754,0.21,0,99758,1.7,26,29098,approved
595,0.29,2,46103,3.1,62,1000,denied
528,0.336,0,89135,11.5,60,24014,denied
816,0.3,1,66304,5.1,74,6340,denied
758,0.308,0,74738,2.4,34,20089,approved
720,0.671,0,21024,6.1,58,8939,denied
752,0.369,3,31657,1.8,21,11441,denied
644,0.289,0,20550,13.5,30,24021,approved
813,0.395,0,72144,3.8,29,16127,approved
617,0.323,0,72112,4.2,28,31183,denied
551,0.335,0,29038,1.2,32,13623,denied
539,0.152,0,47429,5.0,18,20571,denied
699,0.272,0,55781,8.0,66,9056,approved
730,0.579,1,69129,2.0,33,18098,denied
706,0.446,0,98285,3.6,24,7862,denied
710,0.711,0,120358,8.2,20,17013,denied
677,0.269,0,106574,15.0,51,19783,approved
717,0.449,0,72332,7.1,28,16259,denied
655,0.276,1,15000,8.6,66,22432,denied
850,0.259,0,114780,5.7,33,3267,approved
650,0.329,0,51001,11.8,22,13207,approved
752,0.078,0,20012,0.6,40,32883,approved
654,0.274,0,129477,13.2,30,15203,approved
666,0.215,0,102128,22.1,33,29395,approved
761,0.365,0,110201,13.0,28,7437,approved
691,0.576,0,41775,21.1,43,31214,denied
701,0.258,0,44514,5.3,72,17283,approved
677,0.498,0,101965,7.4,28,15294,denied
733,0.179,0,54287,2.7,69,35207,approved
850,0.624,1,42240,0.8,69,6696,denied
681,0.214,0,60701,13.0,24,7125,approved
653,0.336,0,47235,15.2,71,27376,approved
687,0.224,0,25583,2.0,29,13703,approved
723,0.385,0,72636,0.7,62,16901,approved
652,0.475,1,67431,3.9,70,12679,denied
733,0.436,0,24866,5.6,35,10119,denied
761,0.263,0,86735,13.9,52,20430,approved
747,0.626,1,53806,0.5,25,9620,denied
817,0.352,0,132544,6.7,22,36214,approved
737,0.327,0,64205,1.6,25,2499,approved
636,0.636,1,21497,1.2,61,15912,denied
794,0.129,3,37686,10.4,27,14546,denied
560,0.369,0,97710,0.5,47,20475,denied
746,0.116,0,97069,3.7,18,18617,approved
743,0.209,0,73140,13.4,21,23871,approved
692,0.261,1,109162,9.1,48,22035,denied
761,0.281,2,77963,3.8,61,26833,denied
818,0.244,0,44780,18.5,63,50071,approved
764,0.419,1,87534,3.4,46,22398,denied
568,0.387,0,26965,17.3,55,31110,denied
726,0.469,2,97293,2.6,66,24222,denied
715,0.361,0,77578,2.5,39,7746,approved
641,0.784,0,86616,3.3,19,50752,denied
738,0.413,0,32527,5.2,43,6665,denied
774,0.349,0,70667,6.4,62,12892,approved
672,0.446,1,72876,5.9,32,17221,denied
596,0.238,0,78494,9.3,34,25295,denied
618,0.168,1,94583,0.3,48,26252,denied
672,0.27,0,63465,19.3,27,6926,approved
651,0.288,0,124255,14.4,54,13912,approved
579,0.34,0,98471,11.1,67,17621,denied
576,0.722,0,106861,15.4,44,1000,denied
771,0.298,0,65040,28.0,26,26753,approved
711,0.206,0,66966,9.1,64,35105,approved
726,0.47,0,48766,2.4,28,20054,denied
672,0.24,0,94637,3.7,36,1000,approved
556,0.383,0,66161,2.0,75,1000,denied
645,0.333,0,73797,3.3,43,10365,approved
731,0.173,0,103871,14.6,73,1090,approved
815,0.196,1,108274,5.4,61,24364,denied
711,0.35,0,67114,1.9,48,29192,approved
713,0.37,0,15000,11.9,36,11479,approved
712,0.332,0,59182,8.8,67,7944,approved
679,0.426,0,91107,22.2,52,9672,denied
799,0.222,1,101099,7.4,73,6690,denied
564,0.667,0,150081,1.3,41,2262,denied
756,0.057,0,78214,9.3,57,12454,approved
616,0.327,0,24682,1.0,43,11323,denied
671,0.35,0,64800,8.5,58,16579,approved
699,0.31,0,100060,12.0,48,21811,approved
723,0.56,1,41766,3.8,57,26158,denied
557,0.328,0,123212,16.1,18,15521,denied
728,0.074,0,89896,26.5,24,1000,approved
588,0.565,0,59909,0.9,37,32942,denied
731,0.196,0,82948,4.9,27,13466,approved
744,0.236,0,90920,5.8,74,26221,approved
749,0.287,0,94133,4.1,59,20476,approved
690,0.129,0,72549,17.9,40,6293,approved
659,0.25,0,116498,1.9,29,14275,approved
787,0.381,0,112497,11.5,68,24957,approved
533,0.331,0,113096,2.1,66,13952,denied
710,0.542,0,15000,9.9,23,29429,denied
691,0.57,0,42244,8.2,68,1000,denied
709,0.479,2,73512,9.2,48,7836,denied
728,0.114,0,80753,7.5,24,23332,approved
716,0.197,1,134858,10.2,49,31830,denied
823,0.76,0,79283,4.1,64,1000,denied
656,0.0,0,15000,15.5,43,32192,approved
790,0.437,0,102925,5.1,42,30214,denied
672,0.354,0,47344,30.4,34,1000,approved
737,0.324,0,63859,0.9,42,1269,approved
671,0.421,0,100957,0.5,58,55741,denied
827,0.356,0,89445,11.2,59,30221,approved
655,0.218,0,41071,6.3,18,16423,approved
680,0.039,0,72941,1.8,33,33876,approved
671,0.198,0,39204,5.0,51,23932,approved
561,0.386,0,97101,8.8,63,24379,denied
713,0.32,2,110777,11.0,52,19724,denied
719,0.034,0,64883,1.7,20,28227,approved
736,0.0,0,111504,27.0,36,52801,approved
570,0.22,0,84345,1.0,47,1000,denied
494,0.474,0,51769,2.5,25,19745,denied
631,0.371,0,93402,0.2,67,10548,denied
766,0.358,1,61985,0.1,61,36569,denied
747,0.283,0,26407,1.1,54,11746,approved
748,0.047,3,102236,8.7,35,1146,denied
615,0.173,0,122904,3.1,48,1000,denied
635,0.661,1,60162,25.2,50,6068,denied
568,0.428,1,88842,9.5,63,2468,denied
652,0.451,1,97165,0.4,24,2904,denied
674,0.414,1,54981,3.4,40,5115,denied
724,0.388,0,82284,3.1,36,13512,approved
681,0.297,0,102222,37.6,37,18231,approved
596,0.396,0,60541,0.1,53,3371,denied
688,0.326,1,45341,11.3,49,1000,denied
572,0.325,1,112366,10.3,63,9762,denied
754,0.118,0,102865,16.8,67,2290,approved
588,0.344,0,97071,0.1,46,9149,denied
694,0.149,0,15000,5.8,53,46501,approved
768,0.298,0,50936,0.0,35,32183,approved
720,0.289,0,89581,10.9,18,27986,approved
557,0.24,0,52745,17.9,67,34105,denied
670,0.297,0,113185,7.0,41,14918,approved
691,0.266,0,105736,3.3,35,8538,approved
701,0.269,0,54289,14.5,23,12211,approved
690,0.277,0,28640,9.3,53,1000,approved
659,0.138,0,63452,5.1,63,1000,approved
677,0.575,0,69107,4.6,60,37685,denied
652,0.31,0,23225,7.8,23,26898,approved
597,0.329,0,97591,0.7,19,24995,denied
710,0.387,0,42777,1.5,64,1000,approved
696,0.438,0,65374,3.9,73,20143,denied
726,0.602,1,88837,11.9,50,11070,denied
718,0.184,3,42594,1.2,54,1164,denied
658,0.398,0,89334,3.7,48,2240,approved
566,0.417,2,24078,2.1,44,26826,denied
752,0.507,0,92441,4.1,30,25662,denied
705,0.065,1,34060,31.8,73,12303,denied
691,0.8,0,79746,24.1,66,16835,denied
639,0.625,0,64943,2.2,27,12526,denied
743,0.309,0,80827,2.3,50,23629,approved
730,0.325,0,66679,13.7,40,36697,approved
649,0.243,0,95733,7.2,30,9672,approved
591,0.314,1,117787,5.1,71,24053,denied
772,0.301,0,69005,9.1,57,30162,approved
647,0.092,0,50303,6.4,24,7894,approved
740,0.241,0,69731,6.2,30,11515,approved
680,0.357,0,97133,16.8,47,3045,approved
669,0.538,0,68876,0.7,36,17698,denied
701,0.51,0,99322,4.0,35,27932,denied
612,0.721,1,72198,11.7,60,11687,denied
638,0.31,0,114698,24.5,52,1000,denied
681,0.267,0,77840,2.4,57,27680,approved
652,0.468,0,60636,28.2,23,34147,denied
638,0.307,0,90033,0.5,51,3803,denied
546,0.406,0,96322,8.3,44,27314,denied
675,0.253,0,109579,6.6,40,6888,approved
709,0.148,2,77927,1.4,52,19598,denied
753,0.315,0,35358,20.1,26,30768,approved
739,0.278,0,88143,14.4,43,21866,approved
670,0.261,0,52389,6.9,65,22716,approved
752,0.316,0,48778,9.0,39,19088,approved
761,0.365,0,124568,12.6,46,27117,approved
635,0.37,1,63000,10.7,57,37618,denied
811,0.093,3,82521,2.4,21,24754,denied
723,0.31,0,77465,6.3,21,7928,approved
816,0.303,0,70233,1.2,59,36022,approved
553,0.327,0,62159,11.3,57,36324,denied
641,0.48,0,40777,4.4,57,41191,denied
571,0.297,0,46531,7.7,27,28661,denied
763,0.524,0,97685,17.1,18,7406,denied
628,0.436,0,18397,1.4,51,45042,denied
607,0.389,0,48020,0.2,56,19897,denied
781,0.24,0,57064,7.7,47,29044,approved
665,0.205,0,125144,6.8,63,17968,approved
566,0.299,0,55896,18.2,58,1000,denied
635,0.115,0,68179,6.9,72,23359,denied
734,0.323,0,60874,3.9,28,5799,approved
735,0.256,3,31628,5.2,72,17265,denied
591,0.423,0,74521,10.2,68,7617,denied
670,0.257,0,76989,11.3,55,18570,approved
535,0.559,0,102927,12.1,39,35511,denied
697,0.215,0,74735,1.4,75,42009,approved
687,0.104,0,64151,6.0,73,48399,approved
743,0.0,0,101924,16.5,23,24644,approved
740,0.28,0,72476,11.3,65,22300,approved
699,0.283,0,36759,16.8,75,18235,approved
529,0.181,0,90664,0.0,35,41499,denied
663,0.395,0,73476,0.3,69,15116,approved
665,0.417,0,48997,1.6,32,12929,denied
777,0.314,0,112404,1.1,49,6968,approved
650,0.382,0,47723,2.0,36,19745,approved
644,0.607,1,68966,0.6,29,18992,denied
708,0.304,0,68197,6.4,75,9271,approved
727,0.251,0,37165,2.9,66,19341,approved
615,0.359,0,38565,15.0,67,19479,denied
696,0.445,0,139968,10.8,54,13504,denied
835,0.27,3,15000,2.0,43,33978,denied
665,0.134,0,24451,0.8,44,17640,approved
673,0.295,0,30656,4.3,63,25851,approved
699,0.292,0,96509,19.6,67,28147,approved
684,0.085,0,96858,3.6,41,20197,approved
716,0.368,3,42759,14.2,34,30290,denied
631,0.219,0,72795,21.7,54,5644,denied
697,0.315,2,88247,7.8,28,14228,denied
551,0.239,0,16001,8.6,30,17157,denied
675,0.518,0,117541,0.5,32,13832,denied
721,0.437,1,105021,6.1,20,1000,denied
747,0.03,0,93673,12.2,26,12724,approved
702,0.392,0,67905,21.6,42,15014,approved
781,0.0,1,55173,2.0,37,12838,denied
638,0.322,0,79248,3.7,34,16370,denied
684,0.2,0,93591,0.8,71,12799,approved
657,0.564,1,93066,0.6,41,27117,denied
648,0.331,1,64749,1.8,38,30300,denied
746,0.377,0,46389,10.7,70,25048,approved
607,0.339,0,35850,6.6,29,12305,denied
716,0.349,0,53944,20.5,46,27672,approved
718,0.079,0,91679,12.8,32,22286,approved
804,0.311,0,46309,5.1,66,22978,approved
573,0.349,2,51444,12.0,61,41664,denied
708,0.309,0,58082,1.3,19,17185,approved
748,0.388,0,78513,1.7,69,5838,approved
638,0.081,0,15000,3.4,67,17344,denied
634,0.252,1,70296,7.3,34,2236,denied
713,0.433,1,15000,3.3,38,37246,denied
716,0.202,0,86043,21.6,54,25138,approved
539,0.401,0,100491,15.5,33,11087,denied
790,0.288,1,71350,37.3,32,15774,denied
705,0.395,0,77667,2.6,74,23143,approved
763,0.68,0,74157,11.5,48,7745,denied
805,0.319,0,72733,2.4,37,12742,approved
739,0.387,0,51529,40.0,34,9889,approved
602,0.563,2,63139,7.2,32,14632,denied
658,0.372,0,85849,37.9,55,1000,approved
682,0.317,0,120219,5.2,19,23454,approved
746,0.233,0,53583,22.6,38,7809,approved
654,0.347,0,96381,7.6,74,18792,approved
702,0.003,0,107196,5.3,53,4378,approved
679,0.45,0,68179,1.2,27,10050,denied
406,0.54,0,59182,0.7,49,35363,denied
711,0.205,0,85307,8.5,70,5425,approved
681,0.354,0,47028,9.1,51,7436,approved
688,0.246,0,72903,0.3,24,5179,approved
546,0.488,0,89807,3.2,59,16925,denied
647,0.301,1,43746,1.1,47,13516,denied
848,0.29,2,35302,1.2,65,10225,denied
710,0.154,0,53222,20.2,41,3384,approved
681,0.25,0,103165,4.5,68,26782,approved
682,0.369,0,99399,16.6,73,21303,approved
648,0.01,1,45887,5.7,59,14765,denied
621,0.395,0,33651,20.1,22,1000,denied
678,0.391,2,65271,3.3,50,24950,denied
620,0.331,0,15000,1.2,65,9216,denied
737,0.349,1,79333,9.4,66,16178,denied
724,0.259,0,75636,15.5,70,44601,approved
740,0.312,0,81908,17.2,41,5981,approved
560,0.274,0,78094,4.7,56,1000,denied
626,0.432,0,75410,25.3,28,30169,denied
782,0.332,0,57581,21.4,68,21103,approved
618,0.624,0,125643,1.1,18,18218,denied
648,0.305,0,59385,5.6,59,40466,approved
636,0.135,0,51895,6.7,50,17148,denied
726,0.352,0,70820,2.2,65,21242,approved
580,0.223,0,85443,4.2,23,29335,denied
612,0.451,0,15000,1.2,37,18182,denied
682,0.337,1,121563,15.8,41,11481,denied
736,0.226,0,72186,5.5,59,1000,approved
725,0.566,2,77658,4.8,41,16060,denied
682,0.045,0,92864,0.6,20,7425,approved
703,0.207,0,37446,5.1,68,31580,approved
754,0.0,0,61017,0.3,35,15062,approved
754,0.305,0,84129,19.5,23,25429,approved
730,0.335,0,105950,2.9,37,3875,approved
731,0.498,1,73660,10.4,29,18557,denied
683,0.515,1,135204,14.5,33,22942,denied
653,0.352,0,86831,11.5,56,20910,approved
649,0.26,0,49166,6.7,37,30090,approved
680,0.088,0,70477,2.8,54,1000,approved
646,0.294,0,52617,5.6,33,34367,approved
544,0.569,0,102920,10.9,67,17850,denied
781,0.323,0,24810,5.4,60,1000,approved
736,0.298,0,15000,18.8,32,19984,approved
694,0.494,0,53155,9.1,71,18016,denied
747,0.3,0,104534,9.9,36,7831,approved
657,0.522,0,70609,3.4,23,20722,denied
728,0.343,2,80714,4.7,25,7268,denied
689,0.143,0,116093,11.4,18,17782,approved
665,0.118,0,30214,16.4,55,4829,approved
745,0.561,3,38804,16.6,69,17959,denied
744,0.592,0,62025,3.4,36,14816,denied
771,0.48,0,64208,1.8,54,19316,denied
630,0.276,0,103344,1.0,51,17932,denied
668,0.373,0,82523,7.8,18,20378,approved
716,0.428,2,60123,7.1,19,1000,denied
682,0.168,3,52652,1.7,57,52872,denied
756,0.234,0,26917,5.1,27,13263,approved
667,0.408,2,38243,4.1,25,9076,denied
710,0.357,0,81014,9.1,35,1000,approved
768,0.106,0,82731,4.3,33,22141,approved
724,0.0,0,53255,18.3,61,15687,approved
750,0.212,0,84906,5.1,56,2980,approved
498,0.071,1,87870,12.4,45,8609,denied
748,0.166,0,124290,15.0,23,9863,approved
642,0.33,1,97266,0.7,60,9832,denied
631,0.121,0,99572,0.3,71,16098,denied
654,0.566,0,51883,25.6,58,1000,denied
561,0.371,0,62806,3.0,20,2646,denied
696,0.275,0,72364,1.6,55,54543,approved
715,0.301,0,46405,5.3,64,19441,approved
525,0.132,0,43510,18.2,56,20627,denied
714,0.522,1,45067,1.4,42,19559,denied
738,0.143,0,31907,12.3,50,14403,approved
674,0.15,2,96256,7.0,28,33439,denied
730,0.293,0,15000,4.2,70,15520,approved
675,0.23,0,67638,11.0,31,22970,approved
709,0.334,0,59728,8.8,25,1079,approved
663,0.472,0,86259,1.4,68,1000,denied
718,0.014,0,65767,5.6,46,7492,approved
675,0.415,1,57442,4.1,52,13295,denied
725,0.438,0,59960,1.0,41,1000,denied
745,0.1,0,57143,2.4,34,6565,approved
688,0.438,3,108030,1.5,68,5186,denied
787,0.228,0,53282,2.6,43,20620,approved
624,0.329,0,15000,2.3,69,22708,denied
686,0.611,2,71276,4.5,51,12775,denied
791,0.261,0,37921,2.3,66,18962,approved
638,0.249,0,64469,3.3,62,13433,denied
707,0.227,0,114018,4.4,72,2227,approved
744,0.399,0,133610,6.1,33,26453,approved
689,0.27,0,120506,1.0,49,19190,approved
757,0.325,0,66710,5.7,41,24220,approved
682,0.069,0,70553,7.6,35,37399,approved
704,0.162,0,65603,2.0,24,22051,approved
690,0.141,0,95042,6.6,34,20063,approved
849,0.282,0,50179,11.0,44,1000,approved
614,0.602,0,67795,7.1,25,14251,denied
800,0.365,0,84150,4.1,69,2283,approved
707,0.309,0,66521,2.0,28,21312,approved
694,0.273,0,15000,0.3,30,14782,approved
687,0.256,0,58645,0.8,56,10177,approved
633,0.239,0,103977,5.6,32,20559,denied
822,0.449,0,74778,13.3,36,10076,denied
602,0.329,1,66873,7.6,74,20718,denied
850,0.569,1,77475,0.2,59,1000,denied
793,0.617,2,94605,2.4,44,30399,denied
740,0.473,0,103322,0.8,38,14748,denied
739,0.218,1,99307,13.5,34,1000,denied
638,0.288,0,60461,6.0,49,15552,denied
644,0.647,0,58706,3.3,62,19750,denied
663,0.321,0,53494,20.5,57,6455,approved
661,0.196,0,81573,4.2,54,8584,approved
650,0.227,2,56449,2.9,57,13010,denied
697,0.12,0,87560,8.4,47,36594,approved
781,0.454,0,71599,3.0,28,10078,denied
721,0.621,0,90519,11.2,27,34557,denied
808,0.276,0,120516,14.9,62,39244,approved
686,0.098,0,22538,1.2,43,19042,approved
842,0.46,0,53409,8.0,65,33518,denied
654,0.383,0,52663,6.8,61,11952,approved
737,0.102,0,78691,29.7,70,22056,approved
789,0.315,0,68781,0.9,50,36786,approved
652,0.379,0,69598,10.0,38,6358,approved
641,0.164,1,110882,1.0,32,6745,denied
704,0.248,0,56496,2.8,22,20515,approved
749,0.225,0,93633,8.2,73,33527,approved
725,0.553,3,100738,1.1,55,15083,denied
753,0.391,0,79185,7.1,64,24217,approved
678,0.381,0,64529,1.9,47,9553,approved
720,0.345,0,101346,3.4,42,26191,approved
646,0.2,0,89309,0.1,37,1000,approved
562,0.237,1,97119,9.5,47,34916,denied
594,0.307,0,75142,5.4,30,26962,denied
706,0.265,0,61777,9.3,24,20914,approved
713,0.221,0,101202,12.1,31,21419,approved
651,0.226,0,24290,10.3,34,17067,approved
788,0.371,3,73016,5.2,28,45219,denied
691,0.45,0,86579,5.8,52,2738,denied
792,0.584,0,52620,6.7,24,3638,denied
768,0.598,0,116944,3.5,20,24077,denied
662,0.21,0,75594,0.3,63,44860,approved
785,0.119,0,64951,0.8,53,5280,approved
680,0.128,0,37299,3.7,71,21981,approved
628,0.421,1,109621,0.4,25,9306,denied
634,0.262,1,88806,0.4,40,28810,denied
619,0.35,2,86670,3.9,43,19649,denied
677,0.347,0,61461,3.3,38,1000,approved
621,0.326,1,15000,2.1,54,7760,denied
711,0.253,0,56256,8.0,24,3914,approved
726,0.075,1,42454,15.5,40,28477,denied
696,0.245,0,32340,8.5,24,24822,approved
747,0.357,0,52674,5.0,38,21615,approved
765,0.228,0,36010,6.9,68,22089,approved
752,0.308,0,64928,4.0,59,9083,approved
671,0.324,1,66961,0.5,28,39871,denied
713,0.45,0,78334,2.7,22,23557,denied
845,0.263,0,64333,7.0,31,31762,approved
670,0.053,1,61410,1.3,40,24941,denied
632,0.187,0,76137,9.2,59,1000,denied
566,0.265,2,114496,7.9,66,18549,denied
694,0.39,0,63503,2.9,35,19089,approved
686,0.325,0,57212,11.0,69,22929,approved
830,0.367,0,52572,18.8,49,19168,approved
673,0.117,0,64053,3.3,22,1000,approved
728,0.029,0,104138,1.5,35,33720,approved
670,0.47,2,52297,4.3,31,17347,denied
722,0.235,0,98141,10.9,54,32495,approved
731,0.31,0,95561,3.4,59,18530,approved
664,0.309,0,101867,2.1,55,1000,approved
655,0.282,0,99233,3.8,55,19895,approved
752,0.001,0,83436,0.7,20,14593,approved
665,0.012,0,72897,2.4,72,16463,approved
763,0.477,0,64297,6.5,75,15736,denied
691,0.227,0,54122,0.1,40,15382,approved
754,0.234,1,27199,1.8,18,17864,denied
778,0.702,1,56214,4.4,46,26848,denied
679,0.552,0,68967,1.2,32,18330,denied
730,0.322,0,76235,19.5,28,35169,approved
651,0.11,0,88633,3.7,56,5101,approved
622,0.27,2,70529,3.7,61,21677,denied
581,0.242,0,98235,20.4,72,33457,denied
738,0.179,0,81309,7.7,18,22993,approved
757,0.286,1,22927,8.9,52,6919,denied
616,0.389,0,83154,14.7,35,25337,denied
788,0.104,0,98755,4.4,49,3470,approved
743,0.381,0,128506,4.0,23,22107,approved
795,0.639,0,57619,23.6,68,35392,denied
762,0.156,0,27043,1.5,47,39652,approved
688,0.136,0,20977,0.1,65,2077,approved
760,0.045,1,112810,6.3,63,1062,denied
676,0.113,0,128226,2.7,53,7846,approved
711,0.368,0,98617,7.7,23,1000,approved
704,0.194,1,98216,0.6,48,19534,denied
609,0.181,0,103265,7.1,18,9119,denied
684,0.534,0,20525,18.7,39,20558,denied
567,0.321,0,80055,2.2,20,26787,denied
674,0.172,0,57383,1.0,67,2327,approved
708,0.492,0,48851,15.4,55,30390,denied
659,0.219,1,66920,14.4,34,31198,denied
725,0.228,0,38859,6.3,28,15468,approved
644,0.385,0,46216,7.0,18,13937,approved
499,0.216,0,106042,3.5,74,14302,denied
677,0.146,0,36600,6.3,57,1000,approved
695,0.21,2,44038,16.5,52,19212,denied
693,0.52,0,61956,7.3,38,48888,denied
744,0.372,0,86087,0.9,56,34366,approved
786,0.067,0,80175,0.0,43,2407,approved
736,0.508,0,89544,3.8,41,24014,denied
670,0.039,1,85299,16.3,25,15719,denied
764,0.263,0,15000,0.1,59,34703,approved
643,0.24,1,81133,1.2,51,15040,denied
683,0.312,0,35240,7.3,69,26369,approved
605,0.451,0,45771,4.8,71,21634,denied
738,0.5,0,41413,1.6,25,40336,denied
650,0.508,0,42901,4.6,18,15147,denied
775,0.376,0,60215,4.4,22,26029,approved
750,0.325,0,36495,2.7,31,31012,approved
805,0.394,0,24982,25.1,62,20227,approved
822,0.27,1,15737,14.4,62,42991,denied
691,0.319,0,106447,12.3,27,11466,approved
730,0.37,0,72837,10.8,62,28449,approved
724,0.517,0,100567,18.0,32,6290,denied
628,0.274,0,45648,3.3,25,25056,denied
658,0.203,2,31753,4.1,58,22441,denied
686,0.146,0,43046,5.3,48,28404,approved
752,0.268,0,92632,2.3,72,1000,approved
684,0.158,0,49570,2.7,32,24156,approved
697,0.447,0,77335,16.9,73,17269,denied
626,0.0,1,55334,4.9,23,32403,denied
757,0.23,0,40339,19.3,51,1211,approved
667,0.495,2,135136,3.9,50,10331,denied
829,0.504,0,37585,6.4,23,1000,denied
710,0.533,0,112464,3.9,36,15112,denied
598,0.497,0,87801,4.5,35,7632,denied
675,0.149,0,94379,4.5,71,25629,approved
678,0.293,0,48586,1.3,23,21990,approved
715,0.246,1,80809,4.3,39,22376,denied
590,0.145,0,60643,9.8,71,1488,denied
746,0.206,0,63601,0.4,47,13876,approved
712,0.484,0,73861,1.3,62,21455,denied
655,0.293,0,65501,0.3,58,5867,approved
749,0.574,1,85623,4.0,49,11059,denied
666,0.317,0,89041,6.2,35,19027,approved
742,0.596,0,98286,4.6,59,9411,denied
674,0.343,0,58877,1.1,25,16173,approved
763,0.094,0,99827,1.4,40,4819,approved
707,0.337,0,63700,0.6,67,13899,approved
717,0.348,0,157447,1.7,56,1000,approved
785,0.353,0,53897,5.0,52,1000,approved
714,0.405,0,57168,5.1,62,31088,denied
695,0.284,0,101109,0.2,48,31772,approved
769,0.354,0,86557,18.4,30,7615,approved
645,0.158,0,51543,3.1,45,11788,approved
705,0.277,0,109941,8.8,37,37037,approved
704,0.316,0,112030,2.5,20,2453,approved
732,0.193,0,56548,0.1,69,23539,approved
681,0.184,1,64309,3.8,41,25581,denied
725,0.54,0,41332,4.5,59,31989,denied
783,0.428,0,21027,12.7,19,13247,denied
552,0.616,0,78136,2.0,31,18578,denied
715,0.282,0,90041,4.8,42,31515,approved
783,0.224,0,101434,3.8,46,36963,approved
690,0.34,0,44597,36.0,33,25211,approved
635,0.308,0,89950,2.9,58,19405,denied
633,0.283,0,66743,15.5,44,31204,denied
773,0.352,0,92361,10.0,65,20308,approved
673,0.27,0,85525,0.9,61,11005,approved
761,0.429,0,45181,3.8,71,20736,denied
663,0.414,0,108585,4.6,53,17408,denied
780,0.549,0,47287,7.9,18,29168,denied
667,0.344,0,35087,5.4,68,9655,approved
722,0.323,1,61886,7.5,32,1000,denied
694,0.377,2,60795,6.1,49,21461,denied
618,0.412,0,70733,0.8,25,2706,denied
695,0.479,0,41616,3.8,43,40022,denied
581,0.203,0,61524,5.5,30,15541,denied
746,0.307,0,89170,3.0,31,17421,approved
678,0.292,0,15000,15.3,18,19302,approved
674,0.273,0,98155,13.3,34,1000,approved
510,0.118,3,125718,0.5,40,17302,denied
656,0.505,2,85229,0.5,58,26656,denied
713,0.289,0,64436,2.5,48,12702,approved
688,0.365,0,73023,3.6,61,32242,approved
618,0.507,0,19237,6.9,50,17885,denied
614,0.466,0,67365,1.9,67,43320,denied
699,0.209,3,119373,0.2,35,23376,denied
740,0.299,1,114625,9.8,30,29861,denied
723,0.252,0,96057,12.5,26,13773,approved
718,0.421,0,66658,14.1,40,33994,denied
639,0.588,0,77983,2.5,51,34587,denied
743,0.429,0,77730,9.3,69,23490,denied
652,0.221,0,110230,0.1,30,10749,approved
628,0.241,3,56282,4.1,47,13522,denied
770,0.603,0,71148,0.3,31,3278,denied
716,0.405,0,31802,3.5,27,15053,denied
704,0.348,0,79791,13.7,46,19662,approved
539,0.554,1,56683,0.3,58,1000,denied
680,0.078,0,33838,0.0,36,33233,approved
675,0.224,0,47414,1.8,35,16534,approved
687,0.44,0,25012,10.6,65,18709,denied
576,0.421,0,71514,1.0,35,5734,denied
637,0.289,0,59161,8.5,41,12026,denied
653,0.301,0,71466,2.0,27,20382,approved
637,0.274,0,54887,6.2,72,9506,denied
672,0.356,2,89327,8.7,64,1000,denied
686,0.31,0,51299,0.5,70,35819,approved
676,0.137,0,67415,4.5,30,29476,approved
790,0.339,0,42272,1.9,30,16419,approved
772,0.313,0,41803,11.2,50,39510,approved
772,0.269,0,21545,1.1,44,29276,approved
719,0.533,0,82135,2.9,52,26663,denied
618,0.0,1,110290,8.8,75,25683,denied
684,0.0,0,117414,6.2,28,9799,approved
832,0.355,0,67201,7.7,54,56146,approved
655,0.329,0,80898,2.0,34,1000,approved
610,0.145,0,58452,19.3,48,19630,denied
679,0.448,0,74378,5.8,28,1000,denied
673,0.416,1,63927,1.5,60,34696,denied
643,0.313,0,38723,10.6,28,25017,approved
676,0.26,0,111470,2.7,32,5113,approved
671,0.371,0,70266,1.6,24,10821,approved
715,0.499,0,71888,6.4,49,26228,denied
837,0.193,0,49391,9.9,75,10400,approved
773,0.198,0,32726,29.5,67,33025,approved
709,0.216,0,41393,5.3,39,1000,approved
767,0.265,0,94616,2.1,42,18646,approved
723,0.301,0,78261,3.2,64,21228,approved
807,0.449,0,47530,3.4,22,22367,denied
718,0.229,0,80403,5.1,41,9544,approved
813,0.561,0,47550,11.6,74,4566,denied
676,0.321,1,73503,2.9,64,9643,denied
714,0.22,0,86174,5.8,71,25308,approved
614,0.249,0,50694,7.0,49,16752,denied
836,0.378,0,95829,4.9,61,11024,approved
702,0.548,0,30701,6.0,70,39547,denied
691,0.193,0,51970,12.1,70,13834,approved
707,0.138,0,71244,5.9,24,1000,approved
632,0.275,0,135233,4.8,75,18768,denied
741,0.549,1,23393,0.6,71,36837,denied
687,0.231,0,19438,1.5,56,19779,approved
724,0.408,0,79112,1.6,55,5278,denied
